C:\Program Files (x86)\Microsoft Visual Studio\2019\Community\MSBuild\Microsoft\VC\v160\Microsoft.CppBuild.targets(499,5): warning MSB8004: Output 目录未以斜杠结尾。  此生成实例将添加斜杠，因为必须有这个斜杠才能正确计算 Output 目录。
  asimple_carbon_calc.cpp
  carbon_model_utils.cpp
  land_carbon_densities.cpp
  node_carbon_calc.cpp
  no_emiss_carbon_calc.cpp
  hector_model.cpp
  MAGICC_array.cpp
  MAGICC_IO_helpers.cpp
  no_climate_model.cpp
  ObjECTS_MAGICC.cpp
  ObjECTS_MAGICC_others.cpp
  gcam_consumer.cpp
  batch_runner.cpp
  calc_base_price.cpp
  consumer_activity.cpp
  final_demand_activity.cpp
C:\Users\10634\Desktop\919GCAM修改\Update\gcamv8.2\cvs\objects\climate\source\ObjECTS_MAGICC_others.cpp(157,32): warning C4244: “=”: 从“double”转换到“float”，可能丢失数据
C:\Users\10634\Desktop\919GCAM修改\Update\gcamv8.2\cvs\objects\climate\source\ObjECTS_MAGICC_others.cpp(159,41): warning C4244: “=”: 从“double”转换到“float”，可能丢失数据
C:\Users\10634\Desktop\919GCAM修改\Update\gcamv8.2\cvs\objects\climate\source\ObjECTS_MAGICC_others.cpp(161,32): warning C4244: “=”: 从“double”转换到“float”，可能丢失数据
C:\Users\10634\Desktop\919GCAM修改\Update\gcamv8.2\cvs\objects\climate\source\ObjECTS_MAGICC_others.cpp(163,41): warning C4244: “=”: 从“double”转换到“float”，可能丢失数据
C:\Users\10634\Desktop\919GCAM修改\Update\gcamv8.2\cvs\objects\climate\source\ObjECTS_MAGICC_others.cpp(165,23): warning C4244: “=”: 从“double”转换到“float”，可能丢失数据
C:\Users\10634\Desktop\919GCAM修改\Update\gcamv8.2\cvs\objects\climate\source\ObjECTS_MAGICC_others.cpp(167,23): warning C4244: “=”: 从“double”转换到“float”，可能丢失数据
C:\Users\10634\Desktop\919GCAM修改\Update\gcamv8.2\cvs\objects\climate\source\ObjECTS_MAGICC_others.cpp(184,26): warning C4244: “=”: 从“double”转换到“float”，可能丢失数据
C:\Users\10634\Desktop\919GCAM修改\Update\gcamv8.2\cvs\objects\climate\source\ObjECTS_MAGICC_others.cpp(226,43): warning C4244: “=”: 从“double”转换到“float”，可能丢失数据
C:\Users\10634\Desktop\919GCAM修改\Update\gcamv8.2\cvs\objects\climate\source\ObjECTS_MAGICC_others.cpp(234,15): warning C4244: “初始化”: 从“double”转换到“float”，可能丢失数据
C:\Users\10634\Desktop\919GCAM修改\Update\gcamv8.2\cvs\objects\climate\source\ObjECTS_MAGICC_others.cpp(236,27): warning C4244: “=”: 从“double”转换到“float”，可能丢失数据
C:\Users\10634\Desktop\919GCAM修改\Update\gcamv8.2\cvs\objects\climate\source\ObjECTS_MAGICC_others.cpp(238,47): warning C4244: “=”: 从“double”转换到“float”，可能丢失数据
C:\Users\10634\Desktop\919GCAM修改\Update\gcamv8.2\cvs\objects\climate\source\ObjECTS_MAGICC_others.cpp(242,45): warning C4244: “=”: 从“double”转换到“float”，可能丢失数据
C:\Users\10634\Desktop\919GCAM修改\Update\gcamv8.2\cvs\objects\climate\source\ObjECTS_MAGICC_others.cpp(244,30): warning C4244: “=”: 从“double”转换到“float”，可能丢失数据
C:\Users\10634\Desktop\919GCAM修改\Update\gcamv8.2\cvs\objects\climate\source\ObjECTS_MAGICC_others.cpp(246,30): warning C4244: “初始化”: 从“double”转换到“float”，可能丢失数据
C:\Users\10634\Desktop\919GCAM修改\Update\gcamv8.2\cvs\objects\climate\source\ObjECTS_MAGICC_others.cpp(246,24): warning C4244: “初始化”: 从“double”转换到“const float”，可能丢失数据
C:\Users\10634\Desktop\919GCAM修改\Update\gcamv8.2\cvs\objects\climate\source\ObjECTS_MAGICC_others.cpp(250,35): warning C4244: “=”: 从“double”转换到“float”，可能丢失数据
C:\Users\10634\Desktop\919GCAM修改\Update\gcamv8.2\cvs\objects\climate\source\ObjECTS_MAGICC_others.cpp(254,49): warning C4244: “=”: 从“double”转换到“float”，可能丢失数据
C:\Users\10634\Desktop\919GCAM修改\Update\gcamv8.2\cvs\objects\climate\source\ObjECTS_MAGICC_others.cpp(262,34): warning C4244: “=”: 从“double”转换到“float”，可能丢失数据
C:\Users\10634\Desktop\919GCAM修改\Update\gcamv8.2\cvs\objects\climate\source\ObjECTS_MAGICC_others.cpp(271,43): warning C4305: “=”: 从“double”到“float”截断
C:\Users\10634\Desktop\919GCAM修改\Update\gcamv8.2\cvs\objects\climate\source\ObjECTS_MAGICC_others.cpp(488,69): warning C4244: “=”: 从“double”转换到“float”，可能丢失数据
C:\Users\10634\Desktop\919GCAM修改\Update\gcamv8.2\cvs\objects\climate\source\ObjECTS_MAGICC_others.cpp(518,23): warning C4244: “初始化”: 从“double”转换到“float”，可能丢失数据
C:\Users\10634\Desktop\919GCAM修改\Update\gcamv8.2\cvs\objects\climate\source\ObjECTS_MAGICC_others.cpp(525,19): warning C4244: “初始化”: 从“double”转换到“float”，可能丢失数据
C:\Users\10634\Desktop\919GCAM修改\Update\gcamv8.2\cvs\objects\climate\source\ObjECTS_MAGICC_others.cpp(530,21): warning C4244: “初始化”: 从“double”转换到“float”，可能丢失数据
C:\Users\10634\Desktop\919GCAM修改\Update\gcamv8.2\cvs\objects\climate\source\ObjECTS_MAGICC_others.cpp(532,19): warning C4244: “初始化”: 从“double”转换到“float”，可能丢失数据
C:\Users\10634\Desktop\919GCAM修改\Update\gcamv8.2\cvs\objects\climate\source\MAGICC_array.cpp(76,5): warning C4996: 'strncpy': This function or variable may be unsafe. Consider using strncpy_s instead. To disable deprecation, use _CRT_SECURE_NO_WARNINGS. See online help for details.
C:\Users\10634\Desktop\919GCAM修改\Update\gcamv8.2\cvs\objects\climate\source\ObjECTS_MAGICC_others.cpp(574,29): warning C4244: “=”: 从“double”转换到“float”，可能丢失数据
C:\Users\10634\Desktop\919GCAM修改\Update\gcamv8.2\cvs\objects\climate\source\ObjECTS_MAGICC_others.cpp(576,53): warning C4244: “=”: 从“double”转换到“float”，可能丢失数据
C:\Users\10634\Desktop\919GCAM修改\Update\gcamv8.2\cvs\objects\climate\source\ObjECTS_MAGICC_others.cpp(578,42): warning C4244: “=”: 从“double”转换到“float”，可能丢失数据
C:\Users\10634\Desktop\919GCAM修改\Update\gcamv8.2\cvs\objects\climate\source\ObjECTS_MAGICC_others.cpp(580,53): warning C4244: “=”: 从“double”转换到“float”，可能丢失数据
C:\Users\10634\Desktop\919GCAM修改\Update\gcamv8.2\cvs\objects\climate\source\ObjECTS_MAGICC_others.cpp(582,53): warning C4244: “=”: 从“double”转换到“float”，可能丢失数据
C:\Users\10634\Desktop\919GCAM修改\Update\gcamv8.2\cvs\objects\climate\source\ObjECTS_MAGICC_others.cpp(594,26): warning C4244: “=”: 从“double”转换到“float”，可能丢失数据
C:\Users\10634\Desktop\919GCAM修改\Update\gcamv8.2\cvs\objects\climate\source\ObjECTS_MAGICC_others.cpp(598,26): warning C4244: “=”: 从“double”转换到“float”，可能丢失数据
C:\Users\10634\Desktop\919GCAM修改\Update\gcamv8.2\cvs\objects\climate\source\ObjECTS_MAGICC_others.cpp(600,26): warning C4244: “=”: 从“double”转换到“float”，可能丢失数据
C:\Users\10634\Desktop\919GCAM修改\Update\gcamv8.2\cvs\objects\climate\source\MAGICC_array.cpp(94,9): warning C4996: 'strncpy': This function or variable may be unsafe. Consider using strncpy_s instead. To disable deprecation, use _CRT_SECURE_NO_WARNINGS. See online help for details.
C:\Users\10634\Desktop\919GCAM修改\Update\gcamv8.2\cvs\objects\climate\source\ObjECTS_MAGICC_others.cpp(631,60): warning C4244: “=”: 从“double”转换到“float”，可能丢失数据
C:\Users\10634\Desktop\919GCAM修改\Update\gcamv8.2\cvs\objects\climate\source\ObjECTS_MAGICC_others.cpp(637,31): warning C4305: “初始化”: 从“double”到“float”截断
C:\Users\10634\Desktop\919GCAM修改\Update\gcamv8.2\cvs\objects\climate\source\ObjECTS_MAGICC_others.cpp(661,34): warning C4244: “初始化”: 从“double”转换到“float”，可能丢失数据
C:\Users\10634\Desktop\919GCAM修改\Update\gcamv8.2\cvs\objects\climate\source\ObjECTS_MAGICC_others.cpp(661,28): warning C4244: “初始化”: 从“double”转换到“const float”，可能丢失数据
C:\Users\10634\Desktop\919GCAM修改\Update\gcamv8.2\cvs\objects\climate\source\ObjECTS_MAGICC_others.cpp(663,34): warning C4244: “初始化”: 从“double”转换到“float”，可能丢失数据
C:\Users\10634\Desktop\919GCAM修改\Update\gcamv8.2\cvs\objects\climate\source\ObjECTS_MAGICC_others.cpp(663,28): warning C4244: “初始化”: 从“double”转换到“const float”，可能丢失数据
C:\Users\10634\Desktop\919GCAM修改\Update\gcamv8.2\cvs\objects\climate\source\ObjECTS_MAGICC_others.cpp(665,34): warning C4244: “初始化”: 从“double”转换到“float”，可能丢失数据
C:\Users\10634\Desktop\919GCAM修改\Update\gcamv8.2\cvs\objects\climate\source\ObjECTS_MAGICC_others.cpp(665,28): warning C4244: “初始化”: 从“double”转换到“const float”，可能丢失数据
C:\Users\10634\Desktop\919GCAM修改\Update\gcamv8.2\cvs\objects\climate\source\ObjECTS_MAGICC_others.cpp(667,34): warning C4244: “初始化”: 从“double”转换到“float”，可能丢失数据
C:\Users\10634\Desktop\919GCAM修改\Update\gcamv8.2\cvs\objects\climate\source\ObjECTS_MAGICC_others.cpp(667,28): warning C4244: “初始化”: 从“double”转换到“const float”，可能丢失数据
C:\Users\10634\Desktop\919GCAM修改\Update\gcamv8.2\cvs\objects\climate\source\ObjECTS_MAGICC_others.cpp(669,57): warning C4244: “初始化”: 从“double”转换到“float”，可能丢失数据
C:\Users\10634\Desktop\919GCAM修改\Update\gcamv8.2\cvs\objects\climate\source\ObjECTS_MAGICC_others.cpp(669,30): warning C4244: “初始化”: 从“double”转换到“const float”，可能丢失数据
C:\Users\10634\Desktop\919GCAM修改\Update\gcamv8.2\cvs\objects\climate\source\ObjECTS_MAGICC_others.cpp(671,57): warning C4244: “初始化”: 从“double”转换到“float”，可能丢失数据
C:\Users\10634\Desktop\919GCAM修改\Update\gcamv8.2\cvs\objects\climate\source\ObjECTS_MAGICC_others.cpp(671,30): warning C4244: “初始化”: 从“double”转换到“const float”，可能丢失数据
C:\Users\10634\Desktop\919GCAM修改\Update\gcamv8.2\cvs\objects\climate\source\ObjECTS_MAGICC_others.cpp(673,57): warning C4244: “初始化”: 从“double”转换到“float”，可能丢失数据
C:\Users\10634\Desktop\919GCAM修改\Update\gcamv8.2\cvs\objects\climate\source\ObjECTS_MAGICC_others.cpp(673,30): warning C4244: “初始化”: 从“double”转换到“const float”，可能丢失数据
C:\Users\10634\Desktop\919GCAM修改\Update\gcamv8.2\cvs\objects\climate\source\ObjECTS_MAGICC_others.cpp(675,57): warning C4244: “初始化”: 从“double”转换到“float”，可能丢失数据
C:\Users\10634\Desktop\919GCAM修改\Update\gcamv8.2\cvs\objects\climate\source\ObjECTS_MAGICC_others.cpp(675,30): warning C4244: “初始化”: 从“double”转换到“const float”，可能丢失数据
C:\Users\10634\Desktop\919GCAM修改\Update\gcamv8.2\cvs\objects\climate\source\ObjECTS_MAGICC_others.cpp(707,44): warning C4305: “=”: 从“double”到“float”截断
C:\Users\10634\Desktop\919GCAM修改\Update\gcamv8.2\cvs\objects\climate\source\ObjECTS_MAGICC_others.cpp(709,34): warning C4244: “初始化”: 从“double”转换到“float”，可能丢失数据
C:\Users\10634\Desktop\919GCAM修改\Update\gcamv8.2\cvs\objects\climate\source\ObjECTS_MAGICC_others.cpp(709,29): warning C4244: “初始化”: 从“double”转换到“const float”，可能丢失数据
C:\Users\10634\Desktop\919GCAM修改\Update\gcamv8.2\cvs\objects\climate\source\ObjECTS_MAGICC_others.cpp(711,43): warning C4244: “初始化”: 从“double”转换到“float”，可能丢失数据
C:\Users\10634\Desktop\919GCAM修改\Update\gcamv8.2\cvs\objects\climate\source\ObjECTS_MAGICC_others.cpp(711,29): warning C4244: “初始化”: 从“double”转换到“const float”，可能丢失数据
C:\Users\10634\Desktop\919GCAM修改\Update\gcamv8.2\cvs\objects\climate\source\ObjECTS_MAGICC_others.cpp(721,19): warning C4244: “初始化”: 从“double”转换到“float”，可能丢失数据
C:\Users\10634\Desktop\919GCAM修改\Update\gcamv8.2\cvs\objects\climate\source\ObjECTS_MAGICC_others.cpp(723,53): warning C4244: “=”: 从“double”转换到“float”，可能丢失数据
C:\Users\10634\Desktop\919GCAM修改\Update\gcamv8.2\cvs\objects\climate\source\ObjECTS_MAGICC_others.cpp(732,33): warning C4244: “初始化”: 从“double”转换到“float”，可能丢失数据
C:\Users\10634\Desktop\919GCAM修改\Update\gcamv8.2\cvs\objects\climate\source\ObjECTS_MAGICC_others.cpp(732,27): warning C4244: “初始化”: 从“double”转换到“const float”，可能丢失数据
C:\Users\10634\Desktop\919GCAM修改\Update\gcamv8.2\cvs\objects\climate\source\ObjECTS_MAGICC_others.cpp(770,51): warning C4244: “初始化”: 从“double”转换到“float”，可能丢失数据
C:\Users\10634\Desktop\919GCAM修改\Update\gcamv8.2\cvs\objects\climate\source\ObjECTS_MAGICC_others.cpp(770,27): warning C4244: “初始化”: 从“double”转换到“const float”，可能丢失数据
C:\Users\10634\Desktop\919GCAM修改\Update\gcamv8.2\cvs\objects\climate\source\ObjECTS_MAGICC_others.cpp(794,35): warning C4244: “=”: 从“double”转换到“float”，可能丢失数据
C:\Users\10634\Desktop\919GCAM修改\Update\gcamv8.2\cvs\objects\climate\source\ObjECTS_MAGICC_others.cpp(801,36): warning C4244: “=”: 从“double”转换到“float”，可能丢失数据
C:\Users\10634\Desktop\919GCAM修改\Update\gcamv8.2\cvs\objects\climate\source\ObjECTS_MAGICC_others.cpp(803,36): warning C4244: “=”: 从“double”转换到“float”，可能丢失数据
C:\Users\10634\Desktop\919GCAM修改\Update\gcamv8.2\cvs\objects\climate\source\ObjECTS_MAGICC_others.cpp(865,36): warning C4244: “=”: 从“double”转换到“float”，可能丢失数据
C:\Users\10634\Desktop\919GCAM修改\Update\gcamv8.2\cvs\objects\climate\source\ObjECTS_MAGICC_others.cpp(867,36): warning C4244: “=”: 从“double”转换到“float”，可能丢失数据
C:\Users\10634\Desktop\919GCAM修改\Update\gcamv8.2\cvs\objects\climate\source\ObjECTS_MAGICC_others.cpp(869,36): warning C4244: “=”: 从“double”转换到“float”，可能丢失数据
C:\Users\10634\Desktop\919GCAM修改\Update\gcamv8.2\cvs\objects\climate\source\ObjECTS_MAGICC_others.cpp(897,50): warning C4244: “初始化”: 从“double”转换到“float”，可能丢失数据
C:\Users\10634\Desktop\919GCAM修改\Update\gcamv8.2\cvs\objects\climate\source\ObjECTS_MAGICC_others.cpp(897,31): warning C4244: “初始化”: 从“double”转换到“const float”，可能丢失数据
C:\Users\10634\Desktop\919GCAM修改\Update\gcamv8.2\cvs\objects\climate\source\ObjECTS_MAGICC_others.cpp(910,30): warning C4244: “=”: 从“double”转换到“float”，可能丢失数据
C:\Users\10634\Desktop\919GCAM修改\Update\gcamv8.2\cvs\objects\climate\source\ObjECTS_MAGICC_others.cpp(1030,30): warning C4244: “初始化”: 从“double”转换到“float”，可能丢失数据
C:\Users\10634\Desktop\919GCAM修改\Update\gcamv8.2\cvs\objects\climate\source\ObjECTS_MAGICC_others.cpp(1030,20): warning C4244: “初始化”: 从“double”转换到“const float”，可能丢失数据
C:\Users\10634\Desktop\919GCAM修改\Update\gcamv8.2\cvs\objects\climate\source\ObjECTS_MAGICC_others.cpp(1037,27): warning C4244: “初始化”: 从“double”转换到“float”，可能丢失数据
C:\Users\10634\Desktop\919GCAM修改\Update\gcamv8.2\cvs\objects\climate\source\ObjECTS_MAGICC_others.cpp(1037,21): warning C4244: “初始化”: 从“double”转换到“const float”，可能丢失数据
C:\Users\10634\Desktop\919GCAM修改\Update\gcamv8.2\cvs\objects\climate\source\ObjECTS_MAGICC_others.cpp(1044,27): warning C4244: “初始化”: 从“double”转换到“float”，可能丢失数据
C:\Users\10634\Desktop\919GCAM修改\Update\gcamv8.2\cvs\objects\climate\source\ObjECTS_MAGICC_others.cpp(1044,21): warning C4244: “初始化”: 从“double”转换到“const float”，可能丢失数据
C:\Users\10634\Desktop\919GCAM修改\Update\gcamv8.2\cvs\objects\climate\source\ObjECTS_MAGICC_others.cpp(1155,24): warning C4244: “=”: 从“double”转换到“float”，可能丢失数据
C:\Users\10634\Desktop\919GCAM修改\Update\gcamv8.2\cvs\objects\climate\source\ObjECTS_MAGICC_others.cpp(1192,34): warning C4244: “初始化”: 从“double”转换到“float”，可能丢失数据
C:\Users\10634\Desktop\919GCAM修改\Update\gcamv8.2\cvs\objects\climate\source\ObjECTS_MAGICC_others.cpp(1192,24): warning C4244: “初始化”: 从“double”转换到“const float”，可能丢失数据
C:\Users\10634\Desktop\919GCAM修改\Update\gcamv8.2\cvs\objects\climate\source\ObjECTS_MAGICC_others.cpp(1196,20): warning C4244: “初始化”: 从“double”转换到“float”，可能丢失数据
C:\Users\10634\Desktop\919GCAM修改\Update\gcamv8.2\cvs\objects\climate\source\ObjECTS_MAGICC_others.cpp(1562,50): warning C4244: “初始化”: 从“double”转换到“float”，可能丢失数据
C:\Users\10634\Desktop\919GCAM修改\Update\gcamv8.2\cvs\objects\climate\source\ObjECTS_MAGICC_others.cpp(1562,28): warning C4244: “初始化”: 从“double”转换到“const float”，可能丢失数据
C:\Users\10634\Desktop\919GCAM修改\Update\gcamv8.2\cvs\objects\climate\source\ObjECTS_MAGICC_others.cpp(1564,50): warning C4244: “初始化”: 从“double”转换到“float”，可能丢失数据
C:\Users\10634\Desktop\919GCAM修改\Update\gcamv8.2\cvs\objects\climate\source\ObjECTS_MAGICC_others.cpp(1564,28): warning C4244: “初始化”: 从“double”转换到“const float”，可能丢失数据
C:\Users\10634\Desktop\919GCAM修改\Update\gcamv8.2\cvs\objects\climate\source\ObjECTS_MAGICC_others.cpp(1566,50): warning C4244: “初始化”: 从“double”转换到“float”，可能丢失数据
C:\Users\10634\Desktop\919GCAM修改\Update\gcamv8.2\cvs\objects\climate\source\ObjECTS_MAGICC_others.cpp(1566,28): warning C4244: “初始化”: 从“double”转换到“const float”，可能丢失数据
C:\Users\10634\Desktop\919GCAM修改\Update\gcamv8.2\cvs\objects\climate\source\ObjECTS_MAGICC_others.cpp(1568,50): warning C4244: “初始化”: 从“double”转换到“float”，可能丢失数据
C:\Users\10634\Desktop\919GCAM修改\Update\gcamv8.2\cvs\objects\climate\source\ObjECTS_MAGICC_others.cpp(1568,28): warning C4244: “初始化”: 从“double”转换到“const float”，可能丢失数据
C:\Users\10634\Desktop\919GCAM修改\Update\gcamv8.2\cvs\objects\climate\source\ObjECTS_MAGICC_others.cpp(1570,44): warning C4244: “初始化”: 从“double”转换到“float”，可能丢失数据
C:\Users\10634\Desktop\919GCAM修改\Update\gcamv8.2\cvs\objects\climate\source\MAGICC_IO_helpers.cpp(84,16): warning C4996: 'sscanf': This function or variable may be unsafe. Consider using sscanf_s instead. To disable deprecation, use _CRT_SECURE_NO_WARNINGS. See online help for details.
C:\Users\10634\Desktop\919GCAM修改\Update\gcamv8.2\cvs\objects\climate\source\ObjECTS_MAGICC_others.cpp(1570,26): warning C4244: “初始化”: 从“double”转换到“const float”，可能丢失数据
C:\Users\10634\Desktop\919GCAM修改\Update\gcamv8.2\cvs\objects\climate\source\ObjECTS_MAGICC_others.cpp(1574,47): warning C4244: “初始化”: 从“double”转换到“float”，可能丢失数据
C:\Users\10634\Desktop\919GCAM修改\Update\gcamv8.2\cvs\objects\climate\source\ObjECTS_MAGICC_others.cpp(1574,27): warning C4244: “初始化”: 从“double”转换到“const float”，可能丢失数据
C:\Users\10634\Desktop\919GCAM修改\Update\gcamv8.2\cvs\objects\climate\source\ObjECTS_MAGICC_others.cpp(1576,50): warning C4244: “初始化”: 从“double”转换到“float”，可能丢失数据
C:\Users\10634\Desktop\919GCAM修改\Update\gcamv8.2\cvs\objects\climate\source\ObjECTS_MAGICC_others.cpp(1576,28): warning C4244: “初始化”: 从“double”转换到“const float”，可能丢失数据
C:\Users\10634\Desktop\919GCAM修改\Update\gcamv8.2\cvs\objects\climate\source\ObjECTS_MAGICC_others.cpp(1578,44): warning C4244: “初始化”: 从“double”转换到“float”，可能丢失数据
C:\Users\10634\Desktop\919GCAM修改\Update\gcamv8.2\cvs\objects\climate\source\ObjECTS_MAGICC_others.cpp(1578,26): warning C4244: “初始化”: 从“double”转换到“const float”，可能丢失数据
C:\Users\10634\Desktop\919GCAM修改\Update\gcamv8.2\cvs\objects\climate\source\ObjECTS_MAGICC_others.cpp(1610,51): warning C4244: “初始化”: 从“double”转换到“float”，可能丢失数据
C:\Users\10634\Desktop\919GCAM修改\Update\gcamv8.2\cvs\objects\climate\source\ObjECTS_MAGICC_others.cpp(1610,29): warning C4244: “初始化”: 从“double”转换到“const float”，可能丢失数据
C:\Users\10634\Desktop\919GCAM修改\Update\gcamv8.2\cvs\objects\climate\source\ObjECTS_MAGICC_others.cpp(1612,51): warning C4244: “初始化”: 从“double”转换到“float”，可能丢失数据
C:\Users\10634\Desktop\919GCAM修改\Update\gcamv8.2\cvs\objects\climate\source\ObjECTS_MAGICC_others.cpp(1612,29): warning C4244: “初始化”: 从“double”转换到“const float”，可能丢失数据
C:\Users\10634\Desktop\919GCAM修改\Update\gcamv8.2\cvs\objects\climate\source\ObjECTS_MAGICC_others.cpp(1614,51): warning C4244: “初始化”: 从“double”转换到“float”，可能丢失数据
C:\Users\10634\Desktop\919GCAM修改\Update\gcamv8.2\cvs\objects\climate\source\ObjECTS_MAGICC_others.cpp(1614,29): warning C4244: “初始化”: 从“double”转换到“const float”，可能丢失数据
C:\Users\10634\Desktop\919GCAM修改\Update\gcamv8.2\cvs\objects\climate\source\ObjECTS_MAGICC_others.cpp(1616,51): warning C4244: “初始化”: 从“double”转换到“float”，可能丢失数据
C:\Users\10634\Desktop\919GCAM修改\Update\gcamv8.2\cvs\objects\climate\source\ObjECTS_MAGICC_others.cpp(1616,29): warning C4244: “初始化”: 从“double”转换到“const float”，可能丢失数据
C:\Users\10634\Desktop\919GCAM修改\Update\gcamv8.2\cvs\objects\climate\source\ObjECTS_MAGICC_others.cpp(1618,45): warning C4244: “初始化”: 从“double”转换到“float”，可能丢失数据
C:\Users\10634\Desktop\919GCAM修改\Update\gcamv8.2\cvs\objects\climate\source\ObjECTS_MAGICC_others.cpp(1618,27): warning C4244: “初始化”: 从“double”转换到“const float”，可能丢失数据
C:\Users\10634\Desktop\919GCAM修改\Update\gcamv8.2\cvs\objects\climate\source\ObjECTS_MAGICC_others.cpp(1620,48): warning C4244: “初始化”: 从“double”转换到“float”，可能丢失数据
C:\Users\10634\Desktop\919GCAM修改\Update\gcamv8.2\cvs\objects\climate\source\ObjECTS_MAGICC_others.cpp(1620,28): warning C4244: “初始化”: 从“double”转换到“const float”，可能丢失数据
C:\Users\10634\Desktop\919GCAM修改\Update\gcamv8.2\cvs\objects\climate\source\ObjECTS_MAGICC_others.cpp(1622,51): warning C4244: “初始化”: 从“double”转换到“float”，可能丢失数据
C:\Users\10634\Desktop\919GCAM修改\Update\gcamv8.2\cvs\objects\climate\source\ObjECTS_MAGICC_others.cpp(1622,29): warning C4244: “初始化”: 从“double”转换到“const float”，可能丢失数据
C:\Users\10634\Desktop\919GCAM修改\Update\gcamv8.2\cvs\objects\climate\source\ObjECTS_MAGICC_others.cpp(1624,45): warning C4244: “初始化”: 从“double”转换到“float”，可能丢失数据
C:\Users\10634\Desktop\919GCAM修改\Update\gcamv8.2\cvs\objects\climate\source\ObjECTS_MAGICC_others.cpp(1624,27): warning C4244: “初始化”: 从“double”转换到“const float”，可能丢失数据
C:\Users\10634\Desktop\919GCAM修改\Update\gcamv8.2\cvs\objects\climate\source\ObjECTS_MAGICC_others.cpp(1627,51): warning C4244: “初始化”: 从“double”转换到“float”，可能丢失数据
C:\Users\10634\Desktop\919GCAM修改\Update\gcamv8.2\cvs\objects\climate\source\ObjECTS_MAGICC_others.cpp(1627,29): warning C4244: “初始化”: 从“double”转换到“const float”，可能丢失数据
C:\Users\10634\Desktop\919GCAM修改\Update\gcamv8.2\cvs\objects\climate\source\ObjECTS_MAGICC_others.cpp(1629,51): warning C4244: “初始化”: 从“double”转换到“float”，可能丢失数据
C:\Users\10634\Desktop\919GCAM修改\Update\gcamv8.2\cvs\objects\climate\source\ObjECTS_MAGICC_others.cpp(1629,29): warning C4244: “初始化”: 从“double”转换到“const float”，可能丢失数据
C:\Users\10634\Desktop\919GCAM修改\Update\gcamv8.2\cvs\objects\climate\source\ObjECTS_MAGICC_others.cpp(1631,51): warning C4244: “初始化”: 从“double”转换到“float”，可能丢失数据
C:\Users\10634\Desktop\919GCAM修改\Update\gcamv8.2\cvs\objects\climate\source\ObjECTS_MAGICC_others.cpp(1631,29): warning C4244: “初始化”: 从“double”转换到“const float”，可能丢失数据
C:\Users\10634\Desktop\919GCAM修改\Update\gcamv8.2\cvs\objects\climate\source\ObjECTS_MAGICC_others.cpp(1633,51): warning C4244: “初始化”: 从“double”转换到“float”，可能丢失数据
C:\Users\10634\Desktop\919GCAM修改\Update\gcamv8.2\cvs\objects\climate\source\ObjECTS_MAGICC_others.cpp(1633,29): warning C4244: “初始化”: 从“double”转换到“const float”，可能丢失数据
C:\Users\10634\Desktop\919GCAM修改\Update\gcamv8.2\cvs\objects\climate\source\ObjECTS_MAGICC_others.cpp(1635,45): warning C4244: “初始化”: 从“double”转换到“float”，可能丢失数据
C:\Users\10634\Desktop\919GCAM修改\Update\gcamv8.2\cvs\objects\climate\source\ObjECTS_MAGICC_others.cpp(1635,27): warning C4244: “初始化”: 从“double”转换到“const float”，可能丢失数据
C:\Users\10634\Desktop\919GCAM修改\Update\gcamv8.2\cvs\objects\climate\source\ObjECTS_MAGICC_others.cpp(1637,48): warning C4244: “初始化”: 从“double”转换到“float”，可能丢失数据
C:\Users\10634\Desktop\919GCAM修改\Update\gcamv8.2\cvs\objects\climate\source\ObjECTS_MAGICC_others.cpp(1637,28): warning C4244: “初始化”: 从“double”转换到“const float”，可能丢失数据
C:\Users\10634\Desktop\919GCAM修改\Update\gcamv8.2\cvs\objects\climate\source\ObjECTS_MAGICC_others.cpp(1639,51): warning C4244: “初始化”: 从“double”转换到“float”，可能丢失数据
C:\Users\10634\Desktop\919GCAM修改\Update\gcamv8.2\cvs\objects\climate\source\ObjECTS_MAGICC_others.cpp(1639,29): warning C4244: “初始化”: 从“double”转换到“const float”，可能丢失数据
C:\Users\10634\Desktop\919GCAM修改\Update\gcamv8.2\cvs\objects\climate\source\ObjECTS_MAGICC_others.cpp(1641,45): warning C4244: “初始化”: 从“double”转换到“float”，可能丢失数据
C:\Users\10634\Desktop\919GCAM修改\Update\gcamv8.2\cvs\objects\climate\source\ObjECTS_MAGICC_others.cpp(1641,27): warning C4244: “初始化”: 从“double”转换到“const float”，可能丢失数据
C:\Users\10634\Desktop\919GCAM修改\Update\gcamv8.2\cvs\objects\climate\source\ObjECTS_MAGICC_others.cpp(1667,28): warning C4244: “=”: 从“double”转换到“float”，可能丢失数据
C:\Users\10634\Desktop\919GCAM修改\Update\gcamv8.2\cvs\objects\climate\source\ObjECTS_MAGICC_others.cpp(1669,28): warning C4244: “=”: 从“double”转换到“float”，可能丢失数据
C:\Users\10634\Desktop\919GCAM修改\Update\gcamv8.2\cvs\objects\climate\source\ObjECTS_MAGICC_others.cpp(1671,28): warning C4244: “=”: 从“double”转换到“float”，可能丢失数据
C:\Users\10634\Desktop\919GCAM修改\Update\gcamv8.2\cvs\objects\climate\source\ObjECTS_MAGICC_others.cpp(1673,28): warning C4244: “=”: 从“double”转换到“float”，可能丢失数据
C:\Users\10634\Desktop\919GCAM修改\Update\gcamv8.2\cvs\objects\climate\source\ObjECTS_MAGICC_others.cpp(1675,25): warning C4244: “=”: 从“double”转换到“float”，可能丢失数据
C:\Users\10634\Desktop\919GCAM修改\Update\gcamv8.2\cvs\objects\climate\source\ObjECTS_MAGICC_others.cpp(1677,27): warning C4244: “=”: 从“double”转换到“float”，可能丢失数据
C:\Users\10634\Desktop\919GCAM修改\Update\gcamv8.2\cvs\objects\climate\source\ObjECTS_MAGICC_others.cpp(1679,29): warning C4244: “=”: 从“double”转换到“float”，可能丢失数据
C:\Users\10634\Desktop\919GCAM修改\Update\gcamv8.2\cvs\objects\climate\source\ObjECTS_MAGICC_others.cpp(1681,25): warning C4244: “=”: 从“double”转换到“float”，可能丢失数据
C:\Users\10634\Desktop\919GCAM修改\Update\gcamv8.2\cvs\objects\climate\source\ObjECTS_MAGICC_others.cpp(1717,61): warning C4244: “=”: 从“double”转换到“float”，可能丢失数据
C:\Users\10634\Desktop\919GCAM修改\Update\gcamv8.2\cvs\objects\climate\source\ObjECTS_MAGICC_others.cpp(1728,39): warning C4244: “=”: 从“double”转换到“float”，可能丢失数据
C:\Users\10634\Desktop\919GCAM修改\Update\gcamv8.2\cvs\objects\climate\source\ObjECTS_MAGICC_others.cpp(1731,26): warning C4244: “=”: 从“double”转换到“float”，可能丢失数据
C:\Users\10634\Desktop\919GCAM修改\Update\gcamv8.2\cvs\objects\climate\source\ObjECTS_MAGICC_others.cpp(1739,35): warning C4244: “=”: 从“double”转换到“float”，可能丢失数据
C:\Users\10634\Desktop\919GCAM修改\Update\gcamv8.2\cvs\objects\climate\source\ObjECTS_MAGICC_others.cpp(1797,27): warning C4244: “=”: 从“double”转换到“float”，可能丢失数据
C:\Users\10634\Desktop\919GCAM修改\Update\gcamv8.2\cvs\objects\climate\source\ObjECTS_MAGICC_others.cpp(1934,157): warning C4244: “初始化”: 从“double”转换到“float”，可能丢失数据
C:\Users\10634\Desktop\919GCAM修改\Update\gcamv8.2\cvs\objects\climate\source\ObjECTS_MAGICC_others.cpp(1934,28): warning C4244: “初始化”: 从“double”转换到“const float”，可能丢失数据
C:\Users\10634\Desktop\919GCAM修改\Update\gcamv8.2\cvs\objects\climate\source\ObjECTS_MAGICC_others.cpp(1941,61): warning C4244: “=”: 从“double”转换到“float”，可能丢失数据
C:\Users\10634\Desktop\919GCAM修改\Update\gcamv8.2\cvs\objects\climate\source\ObjECTS_MAGICC_others.cpp(1974,56): warning C4305: “=”: 从“double”到“float”截断
C:\Users\10634\Desktop\919GCAM修改\Update\gcamv8.2\cvs\objects\climate\source\ObjECTS_MAGICC_others.cpp(1981,56): warning C4305: “=”: 从“double”到“float”截断
C:\Users\10634\Desktop\919GCAM修改\Update\gcamv8.2\cvs\objects\climate\source\ObjECTS_MAGICC_others.cpp(2148,30): warning C4305: “初始化”: 从“double”到“float”截断
C:\Users\10634\Desktop\919GCAM修改\Update\gcamv8.2\cvs\objects\climate\source\ObjECTS_MAGICC_others.cpp(2160,31): warning C4305: “初始化”: 从“double”到“float”截断
C:\Users\10634\Desktop\919GCAM修改\Update\gcamv8.2\cvs\objects\climate\source\ObjECTS_MAGICC_others.cpp(2173,52): warning C4244: “=”: 从“double”转换到“float”，可能丢失数据
C:\Users\10634\Desktop\919GCAM修改\Update\gcamv8.2\cvs\objects\climate\source\ObjECTS_MAGICC_others.cpp(2261,85): warning C4244: “参数”: 从“double”转换到“float”，可能丢失数据
C:\Users\10634\Desktop\919GCAM修改\Update\gcamv8.2\cvs\objects\climate\source\ObjECTS_MAGICC_others.cpp(2293,44): warning C4244: “=”: 从“double”转换到“float”，可能丢失数据
C:\Users\10634\Desktop\919GCAM修改\Update\gcamv8.2\cvs\objects\climate\source\ObjECTS_MAGICC_others.cpp(2478,72): warning C4244: “参数”: 从“double”转换到“float”，可能丢失数据
C:\Users\10634\Desktop\919GCAM修改\Update\gcamv8.2\cvs\objects\climate\source\ObjECTS_MAGICC_others.cpp(2504,20): warning C4244: “初始化”: 从“float”转换到“int”，可能丢失数据
C:\Users\10634\Desktop\919GCAM修改\Update\gcamv8.2\cvs\objects\climate\source\ObjECTS_MAGICC_others.cpp(2506,20): warning C4244: “初始化”: 从“float”转换到“int”，可能丢失数据
C:\Users\10634\Desktop\919GCAM修改\Update\gcamv8.2\cvs\objects\climate\source\ObjECTS_MAGICC_others.cpp(2618,31): warning C4244: “初始化”: 从“double”转换到“float”，可能丢失数据
C:\Users\10634\Desktop\919GCAM修改\Update\gcamv8.2\cvs\objects\climate\source\ObjECTS_MAGICC_others.cpp(2770,34): warning C4244: “初始化”: 从“double”转换到“float”，可能丢失数据
C:\Users\10634\Desktop\919GCAM修改\Update\gcamv8.2\cvs\objects\climate\source\ObjECTS_MAGICC_others.cpp(2770,26): warning C4244: “初始化”: 从“double”转换到“const float”，可能丢失数据
C:\Users\10634\Desktop\919GCAM修改\Update\gcamv8.2\cvs\objects\climate\source\ObjECTS_MAGICC_others.cpp(2773,18): warning C4244: “初始化”: 从“double”转换到“float”，可能丢失数据
C:\Users\10634\Desktop\919GCAM修改\Update\gcamv8.2\cvs\objects\climate\source\ObjECTS_MAGICC_others.cpp(2775,18): warning C4244: “初始化”: 从“double”转换到“float”，可能丢失数据
C:\Users\10634\Desktop\919GCAM修改\Update\gcamv8.2\cvs\objects\climate\source\ObjECTS_MAGICC_others.cpp(2777,18): warning C4244: “初始化”: 从“double”转换到“float”，可能丢失数据
C:\Users\10634\Desktop\919GCAM修改\Update\gcamv8.2\cvs\objects\climate\source\ObjECTS_MAGICC_others.cpp(2780,43): warning C4244: “初始化”: 从“double”转换到“float”，可能丢失数据
C:\Users\10634\Desktop\919GCAM修改\Update\gcamv8.2\cvs\objects\climate\source\ObjECTS_MAGICC_others.cpp(2780,25): warning C4244: “初始化”: 从“double”转换到“const float”，可能丢失数据
C:\Users\10634\Desktop\919GCAM修改\Update\gcamv8.2\cvs\objects\climate\source\ObjECTS_MAGICC_others.cpp(2782,76): warning C4244: “初始化”: 从“double”转换到“float”，可能丢失数据
C:\Users\10634\Desktop\919GCAM修改\Update\gcamv8.2\cvs\objects\climate\source\ObjECTS_MAGICC_others.cpp(2782,25): warning C4244: “初始化”: 从“double”转换到“const float”，可能丢失数据
C:\Users\10634\Desktop\919GCAM修改\Update\gcamv8.2\cvs\objects\climate\source\ObjECTS_MAGICC_others.cpp(2785,34): warning C4244: “初始化”: 从“double”转换到“float”，可能丢失数据
C:\Users\10634\Desktop\919GCAM修改\Update\gcamv8.2\cvs\objects\climate\source\ObjECTS_MAGICC_others.cpp(2785,27): warning C4244: “初始化”: 从“double”转换到“const float”，可能丢失数据
C:\Users\10634\Desktop\919GCAM修改\Update\gcamv8.2\cvs\objects\climate\source\ObjECTS_MAGICC_others.cpp(2835,33): warning C4244: “初始化”: 从“double”转换到“float”，可能丢失数据
C:\Users\10634\Desktop\919GCAM修改\Update\gcamv8.2\cvs\objects\climate\source\ObjECTS_MAGICC_others.cpp(2835,26): warning C4244: “初始化”: 从“double”转换到“const float”，可能丢失数据
C:\Users\10634\Desktop\919GCAM修改\Update\gcamv8.2\cvs\objects\climate\source\ObjECTS_MAGICC_others.cpp(2873,31): warning C4244: “=”: 从“double”转换到“float”，可能丢失数据
C:\Users\10634\Desktop\919GCAM修改\Update\gcamv8.2\cvs\objects\climate\source\ObjECTS_MAGICC_others.cpp(2875,62): warning C4244: “=”: 从“double”转换到“float”，可能丢失数据
C:\Users\10634\Desktop\919GCAM修改\Update\gcamv8.2\cvs\objects\climate\source\ObjECTS_MAGICC_others.cpp(2877,31): warning C4244: “=”: 从“double”转换到“float”，可能丢失数据
C:\Users\10634\Desktop\919GCAM修改\Update\gcamv8.2\cvs\objects\climate\source\ObjECTS_MAGICC_others.cpp(2919,71): warning C4244: “=”: 从“double”转换到“float”，可能丢失数据
C:\Users\10634\Desktop\919GCAM修改\Update\gcamv8.2\cvs\objects\climate\source\ObjECTS_MAGICC_others.cpp(2932,51): warning C4244: “=”: 从“double”转换到“float”，可能丢失数据
C:\Users\10634\Desktop\919GCAM修改\Update\gcamv8.2\cvs\objects\climate\source\ObjECTS_MAGICC_others.cpp(3137,82): warning C4305: “初始化”: 从“double”到“float”截断
C:\Users\10634\Desktop\919GCAM修改\Update\gcamv8.2\cvs\objects\climate\source\ObjECTS_MAGICC_others.cpp(3147,83): warning C4305: “初始化”: 从“double”到“float”截断
C:\Users\10634\Desktop\919GCAM修改\Update\gcamv8.2\cvs\objects\climate\source\ObjECTS_MAGICC_others.cpp(3157,77): warning C4305: “初始化”: 从“double”到“float”截断
C:\Users\10634\Desktop\919GCAM修改\Update\gcamv8.2\cvs\objects\climate\source\ObjECTS_MAGICC_others.cpp(3175,14): warning C4244: “初始化”: 从“double”转换到“float”，可能丢失数据
C:\Users\10634\Desktop\919GCAM修改\Update\gcamv8.2\cvs\objects\climate\source\ObjECTS_MAGICC_others.cpp(3180,18): warning C4244: “初始化”: 从“double”转换到“float”，可能丢失数据
C:\Users\10634\Desktop\919GCAM修改\Update\gcamv8.2\cvs\objects\climate\source\ObjECTS_MAGICC_others.cpp(3182,33): warning C4244: “=”: 从“double”转换到“float”，可能丢失数据
C:\Users\10634\Desktop\919GCAM修改\Update\gcamv8.2\cvs\objects\climate\source\ObjECTS_MAGICC_others.cpp(3188,45): warning C4244: “=”: 从“double”转换到“float”，可能丢失数据
C:\Users\10634\Desktop\919GCAM修改\Update\gcamv8.2\cvs\objects\climate\source\ObjECTS_MAGICC_others.cpp(3193,26): warning C4244: “=”: 从“double”转换到“float”，可能丢失数据
C:\Users\10634\Desktop\919GCAM修改\Update\gcamv8.2\cvs\objects\climate\source\ObjECTS_MAGICC_others.cpp(3240,36): warning C4244: “初始化”: 从“double”转换到“float”，可能丢失数据
C:\Users\10634\Desktop\919GCAM修改\Update\gcamv8.2\cvs\objects\climate\source\ObjECTS_MAGICC_others.cpp(3240,20): warning C4244: “初始化”: 从“double”转换到“const float”，可能丢失数据
C:\Users\10634\Desktop\919GCAM修改\Update\gcamv8.2\cvs\objects\climate\source\ObjECTS_MAGICC_others.cpp(3246,60): warning C4244: “=”: 从“double”转换到“float”，可能丢失数据
C:\Users\10634\Desktop\919GCAM修改\Update\gcamv8.2\cvs\objects\climate\source\ObjECTS_MAGICC_others.cpp(3248,33): warning C4244: “初始化”: 从“double”转换到“float”，可能丢失数据
C:\Users\10634\Desktop\919GCAM修改\Update\gcamv8.2\cvs\objects\climate\source\ObjECTS_MAGICC_others.cpp(3248,20): warning C4244: “初始化”: 从“double”转换到“const float”，可能丢失数据
C:\Users\10634\Desktop\919GCAM修改\Update\gcamv8.2\cvs\objects\climate\source\ObjECTS_MAGICC_others.cpp(3250,70): warning C4244: “-=”: 从“double”转换到“float”，可能丢失数据
C:\Users\10634\Desktop\919GCAM修改\Update\gcamv8.2\cvs\objects\climate\source\ObjECTS_MAGICC_others.cpp(3256,44): warning C4244: “-=”: 从“double”转换到“float”，可能丢失数据
C:\Users\10634\Desktop\919GCAM修改\Update\gcamv8.2\cvs\objects\climate\source\ObjECTS_MAGICC_others.cpp(3284,47): warning C4244: “=”: 从“double”转换到“float”，可能丢失数据
C:\Users\10634\Desktop\919GCAM修改\Update\gcamv8.2\cvs\objects\climate\source\ObjECTS_MAGICC_others.cpp(3287,45): warning C4244: “参数”: 从“double”转换到“float”，可能丢失数据
C:\Users\10634\Desktop\919GCAM修改\Update\gcamv8.2\cvs\objects\climate\source\ObjECTS_MAGICC_others.cpp(3292,44): warning C4244: “参数”: 从“double”转换到“float”，可能丢失数据
C:\Users\10634\Desktop\919GCAM修改\Update\gcamv8.2\cvs\objects\climate\source\ObjECTS_MAGICC_others.cpp(3294,42): warning C4244: “参数”: 从“double”转换到“float”，可能丢失数据
C:\Users\10634\Desktop\919GCAM修改\Update\gcamv8.2\cvs\objects\climate\source\ObjECTS_MAGICC_others.cpp(3296,46): warning C4244: “参数”: 从“double”转换到“float”，可能丢失数据
C:\Users\10634\Desktop\919GCAM修改\Update\gcamv8.2\cvs\objects\climate\source\ObjECTS_MAGICC_others.cpp(3301,37): warning C4305: “参数”: 从“double”到“float”截断
C:\Users\10634\Desktop\919GCAM修改\Update\gcamv8.2\cvs\objects\climate\source\ObjECTS_MAGICC_others.cpp(3303,41): warning C4305: “参数”: 从“double”到“float”截断
C:\Users\10634\Desktop\919GCAM修改\Update\gcamv8.2\cvs\objects\climate\source\ObjECTS_MAGICC_others.cpp(3305,53): warning C4244: “参数”: 从“double”转换到“float”，可能丢失数据
C:\Users\10634\Desktop\919GCAM修改\Update\gcamv8.2\cvs\objects\climate\source\ObjECTS_MAGICC_others.cpp(3321,41): warning C4305: “参数”: 从“double”到“float”截断
C:\Users\10634\Desktop\919GCAM修改\Update\gcamv8.2\cvs\objects\climate\source\ObjECTS_MAGICC_others.cpp(3337,24): warning C4305: “=”: 从“double”到“float”截断
C:\Users\10634\Desktop\919GCAM修改\Update\gcamv8.2\cvs\objects\climate\source\ObjECTS_MAGICC_others.cpp(3355,26): warning C4244: “初始化”: 从“double”转换到“float”，可能丢失数据
C:\Users\10634\Desktop\919GCAM修改\Update\gcamv8.2\cvs\objects\climate\source\ObjECTS_MAGICC_others.cpp(3355,20): warning C4244: “初始化”: 从“double”转换到“const float”，可能丢失数据
C:\Users\10634\Desktop\919GCAM修改\Update\gcamv8.2\cvs\objects\climate\source\ObjECTS_MAGICC_others.cpp(3359,32): warning C4305: “初始化”: 从“double”到“float”截断
C:\Users\10634\Desktop\919GCAM修改\Update\gcamv8.2\cvs\objects\climate\source\ObjECTS_MAGICC_others.cpp(3361,32): warning C4305: “初始化”: 从“double”到“float”截断
C:\Users\10634\Desktop\919GCAM修改\Update\gcamv8.2\cvs\objects\climate\source\ObjECTS_MAGICC_others.cpp(3363,32): warning C4305: “初始化”: 从“double”到“float”截断
C:\Users\10634\Desktop\919GCAM修改\Update\gcamv8.2\cvs\objects\climate\source\ObjECTS_MAGICC_others.cpp(3390,37): warning C4305: “=”: 从“double”到“float”截断
C:\Users\10634\Desktop\919GCAM修改\Update\gcamv8.2\cvs\objects\climate\source\ObjECTS_MAGICC_others.cpp(3392,37): warning C4305: “=”: 从“double”到“float”截断
C:\Users\10634\Desktop\919GCAM修改\Update\gcamv8.2\cvs\objects\climate\source\ObjECTS_MAGICC_others.cpp(3394,37): warning C4305: “=”: 从“double”到“float”截断
C:\Users\10634\Desktop\919GCAM修改\Update\gcamv8.2\cvs\objects\climate\source\ObjECTS_MAGICC_others.cpp(3396,36): warning C4305: “=”: 从“double”到“float”截断
C:\Users\10634\Desktop\919GCAM修改\Update\gcamv8.2\cvs\objects\climate\source\ObjECTS_MAGICC_others.cpp(3398,36): warning C4305: “=”: 从“double”到“float”截断
C:\Users\10634\Desktop\919GCAM修改\Update\gcamv8.2\cvs\objects\climate\source\ObjECTS_MAGICC_others.cpp(3401,36): warning C4305: “参数”: 从“double”到“float”截断
C:\Users\10634\Desktop\919GCAM修改\Update\gcamv8.2\cvs\objects\climate\source\ObjECTS_MAGICC_others.cpp(3403,36): warning C4305: “参数”: 从“double”到“float”截断
C:\Users\10634\Desktop\919GCAM修改\Update\gcamv8.2\cvs\objects\climate\source\ObjECTS_MAGICC_others.cpp(3405,36): warning C4305: “参数”: 从“double”到“float”截断
C:\Users\10634\Desktop\919GCAM修改\Update\gcamv8.2\cvs\objects\climate\source\ObjECTS_MAGICC_others.cpp(3407,36): warning C4305: “参数”: 从“double”到“float”截断
C:\Users\10634\Desktop\919GCAM修改\Update\gcamv8.2\cvs\objects\climate\source\ObjECTS_MAGICC_others.cpp(3409,36): warning C4305: “参数”: 从“double”到“float”截断
C:\Users\10634\Desktop\919GCAM修改\Update\gcamv8.2\cvs\objects\climate\source\ObjECTS_MAGICC_others.cpp(3423,23): warning C4305: “=”: 从“double”到“float”截断
C:\Users\10634\Desktop\919GCAM修改\Update\gcamv8.2\cvs\objects\climate\source\ObjECTS_MAGICC_others.cpp(3425,23): warning C4305: “=”: 从“double”到“float”截断
C:\Users\10634\Desktop\919GCAM修改\Update\gcamv8.2\cvs\objects\climate\source\ObjECTS_MAGICC_others.cpp(3427,23): warning C4305: “=”: 从“double”到“float”截断
C:\Users\10634\Desktop\919GCAM修改\Update\gcamv8.2\cvs\objects\climate\source\ObjECTS_MAGICC_others.cpp(3429,23): warning C4305: “=”: 从“double”到“float”截断
C:\Users\10634\Desktop\919GCAM修改\Update\gcamv8.2\cvs\objects\climate\source\ObjECTS_MAGICC_others.cpp(3431,23): warning C4305: “=”: 从“double”到“float”截断
C:\Users\10634\Desktop\919GCAM修改\Update\gcamv8.2\cvs\objects\climate\source\ObjECTS_MAGICC_others.cpp(3433,23): warning C4305: “=”: 从“double”到“float”截断
C:\Users\10634\Desktop\919GCAM修改\Update\gcamv8.2\cvs\objects\climate\source\ObjECTS_MAGICC.cpp(399,25): warning C4305: “=”: 从“double”到“float”截断
C:\Users\10634\Desktop\919GCAM修改\Update\gcamv8.2\cvs\objects\climate\source\ObjECTS_MAGICC.cpp(399,47): warning C4305: “=”: 从“double”到“float”截断
C:\Users\10634\Desktop\919GCAM修改\Update\gcamv8.2\cvs\objects\climate\source\ObjECTS_MAGICC_others.cpp(3438,33): warning C4244: “=”: 从“double”转换到“float”，可能丢失数据
C:\Users\10634\Desktop\919GCAM修改\Update\gcamv8.2\cvs\objects\climate\source\ObjECTS_MAGICC_others.cpp(3440,35): warning C4244: “=”: 从“double”转换到“float”，可能丢失数据
C:\Users\10634\Desktop\919GCAM修改\Update\gcamv8.2\cvs\objects\climate\source\ObjECTS_MAGICC.cpp(401,21): warning C4305: “=”: 从“double”到“float”截断
C:\Users\10634\Desktop\919GCAM修改\Update\gcamv8.2\cvs\objects\climate\source\ObjECTS_MAGICC_others.cpp(3449,23): warning C4244: “=”: 从“double”转换到“float”，可能丢失数据
C:\Users\10634\Desktop\919GCAM修改\Update\gcamv8.2\cvs\objects\climate\source\ObjECTS_MAGICC.cpp(401,43): warning C4305: “=”: 从“double”到“float”截断
C:\Users\10634\Desktop\919GCAM修改\Update\gcamv8.2\cvs\objects\climate\source\ObjECTS_MAGICC_others.cpp(3453,23): warning C4244: “=”: 从“double”转换到“float”，可能丢失数据
C:\Users\10634\Desktop\919GCAM修改\Update\gcamv8.2\cvs\objects\climate\source\ObjECTS_MAGICC.cpp(401,65): warning C4305: “=”: 从“double”到“float”截断
C:\Users\10634\Desktop\919GCAM修改\Update\gcamv8.2\cvs\objects\climate\source\ObjECTS_MAGICC_others.cpp(3455,25): warning C4244: “=”: 从“double”转换到“float”，可能丢失数据
C:\Users\10634\Desktop\919GCAM修改\Update\gcamv8.2\cvs\objects\climate\source\ObjECTS_MAGICC.cpp(410,36): warning C4305: “参数”: 从“double”到“float”截断
C:\Users\10634\Desktop\919GCAM修改\Update\gcamv8.2\cvs\objects\climate\source\ObjECTS_MAGICC_others.cpp(3457,23): warning C4244: “=”: 从“double”转换到“float”，可能丢失数据
C:\Users\10634\Desktop\919GCAM修改\Update\gcamv8.2\cvs\objects\climate\source\ObjECTS_MAGICC.cpp(411,33): warning C4305: “参数”: 从“double”到“float”截断
C:\Users\10634\Desktop\919GCAM修改\Update\gcamv8.2\cvs\objects\climate\source\ObjECTS_MAGICC_others.cpp(3462,43): warning C4244: “=”: 从“double”转换到“float”，可能丢失数据
C:\Users\10634\Desktop\919GCAM修改\Update\gcamv8.2\cvs\objects\climate\source\ObjECTS_MAGICC.cpp(412,31): warning C4305: “参数”: 从“double”到“float”截断
C:\Users\10634\Desktop\919GCAM修改\Update\gcamv8.2\cvs\objects\climate\source\ObjECTS_MAGICC_others.cpp(3477,28): warning C4244: “=”: 从“double”转换到“float”，可能丢失数据
C:\Users\10634\Desktop\919GCAM修改\Update\gcamv8.2\cvs\objects\climate\source\ObjECTS_MAGICC.cpp(417,31): warning C4305: “参数”: 从“double”到“float”截断
C:\Users\10634\Desktop\919GCAM修改\Update\gcamv8.2\cvs\objects\climate\source\ObjECTS_MAGICC_others.cpp(3479,28): warning C4244: “=”: 从“double”转换到“float”，可能丢失数据
C:\Users\10634\Desktop\919GCAM修改\Update\gcamv8.2\cvs\objects\climate\source\ObjECTS_MAGICC.cpp(418,31): warning C4305: “参数”: 从“double”到“float”截断
C:\Users\10634\Desktop\919GCAM修改\Update\gcamv8.2\cvs\objects\climate\source\ObjECTS_MAGICC_others.cpp(3481,28): warning C4244: “=”: 从“double”转换到“float”，可能丢失数据
C:\Users\10634\Desktop\919GCAM修改\Update\gcamv8.2\cvs\objects\climate\source\ObjECTS_MAGICC.cpp(419,31): warning C4305: “参数”: 从“double”到“float”截断
C:\Users\10634\Desktop\919GCAM修改\Update\gcamv8.2\cvs\objects\climate\source\ObjECTS_MAGICC.cpp(420,31): warning C4305: “参数”: 从“double”到“float”截断
C:\Users\10634\Desktop\919GCAM修改\Update\gcamv8.2\cvs\objects\climate\source\ObjECTS_MAGICC.cpp(421,31): warning C4305: “参数”: 从“double”到“float”截断
C:\Users\10634\Desktop\919GCAM修改\Update\gcamv8.2\cvs\objects\climate\source\ObjECTS_MAGICC.cpp(425,31): warning C4305: “参数”: 从“double”到“float”截断
C:\Users\10634\Desktop\919GCAM修改\Update\gcamv8.2\cvs\objects\climate\source\ObjECTS_MAGICC_others.cpp(3541,16): warning C4244: “初始化”: 从“double”转换到“float”，可能丢失数据
C:\Users\10634\Desktop\919GCAM修改\Update\gcamv8.2\cvs\objects\climate\source\ObjECTS_MAGICC_others.cpp(3546,67): warning C4244: “=”: 从“double”转换到“float”，可能丢失数据
C:\Users\10634\Desktop\919GCAM修改\Update\gcamv8.2\cvs\objects\climate\source\ObjECTS_MAGICC.cpp(426,31): warning C4305: “参数”: 从“double”到“float”截断
C:\Users\10634\Desktop\919GCAM修改\Update\gcamv8.2\cvs\objects\climate\source\ObjECTS_MAGICC.cpp(427,31): warning C4305: “参数”: 从“double”到“float”截断
C:\Users\10634\Desktop\919GCAM修改\Update\gcamv8.2\cvs\objects\climate\source\ObjECTS_MAGICC.cpp(428,31): warning C4305: “参数”: 从“double”到“float”截断
C:\Users\10634\Desktop\919GCAM修改\Update\gcamv8.2\cvs\objects\climate\source\ObjECTS_MAGICC.cpp(429,31): warning C4305: “参数”: 从“double”到“float”截断
C:\Users\10634\Desktop\919GCAM修改\Update\gcamv8.2\cvs\objects\climate\source\ObjECTS_MAGICC.cpp(433,31): warning C4305: “参数”: 从“double”到“float”截断
C:\Users\10634\Desktop\919GCAM修改\Update\gcamv8.2\cvs\objects\climate\source\ObjECTS_MAGICC.cpp(434,31): warning C4305: “参数”: 从“double”到“float”截断
C:\Users\10634\Desktop\919GCAM修改\Update\gcamv8.2\cvs\objects\climate\source\ObjECTS_MAGICC.cpp(435,31): warning C4305: “参数”: 从“double”到“float”截断
C:\Users\10634\Desktop\919GCAM修改\Update\gcamv8.2\cvs\objects\climate\source\ObjECTS_MAGICC.cpp(436,31): warning C4305: “参数”: 从“double”到“float”截断
C:\Users\10634\Desktop\919GCAM修改\Update\gcamv8.2\cvs\objects\climate\source\ObjECTS_MAGICC.cpp(437,31): warning C4305: “参数”: 从“double”到“float”截断
C:\Users\10634\Desktop\919GCAM修改\Update\gcamv8.2\cvs\objects\climate\source\ObjECTS_MAGICC_others.cpp(3577,61): warning C4244: “=”: 从“double”转换到“float”，可能丢失数据
C:\Users\10634\Desktop\919GCAM修改\Update\gcamv8.2\cvs\objects\climate\source\ObjECTS_MAGICC.cpp(498,38): warning C4244: “=”: 从“float”转换到“int”，可能丢失数据
C:\Users\10634\Desktop\919GCAM修改\Update\gcamv8.2\cvs\objects\climate\source\ObjECTS_MAGICC_others.cpp(3592,82): warning C4244: “=”: 从“double”转换到“float”，可能丢失数据
C:\Users\10634\Desktop\919GCAM修改\Update\gcamv8.2\cvs\objects\climate\source\ObjECTS_MAGICC.cpp(500,39): warning C4244: “初始化”: 从“float”转换到“int”，可能丢失数据
C:\Users\10634\Desktop\919GCAM修改\Update\gcamv8.2\cvs\objects\climate\source\ObjECTS_MAGICC_others.cpp(3598,26): warning C4305: “初始化”: 从“double”到“float”截断
C:\Users\10634\Desktop\919GCAM修改\Update\gcamv8.2\cvs\objects\climate\source\ObjECTS_MAGICC_others.cpp(3600,90): warning C4244: “=”: 从“double”转换到“float”，可能丢失数据
C:\Users\10634\Desktop\919GCAM修改\Update\gcamv8.2\cvs\objects\climate\source\ObjECTS_MAGICC.cpp(500,21): warning C4244: “初始化”: 从“float”转换到“const int”，可能丢失数据
C:\Users\10634\Desktop\919GCAM修改\Update\gcamv8.2\cvs\objects\climate\source\ObjECTS_MAGICC_others.cpp(3614,35): warning C4244: “=”: 从“double”转换到“float”，可能丢失数据
C:\Users\10634\Desktop\919GCAM修改\Update\gcamv8.2\cvs\objects\climate\source\ObjECTS_MAGICC.cpp(502,16): warning C4244: “初始化”: 从“float”转换到“int”，可能丢失数据
C:\Users\10634\Desktop\919GCAM修改\Update\gcamv8.2\cvs\objects\climate\source\ObjECTS_MAGICC_others.cpp(3616,54): warning C4244: “=”: 从“double”转换到“float”，可能丢失数据
C:\Users\10634\Desktop\919GCAM修改\Update\gcamv8.2\cvs\objects\climate\source\ObjECTS_MAGICC.cpp(510,33): warning C4244: “=”: 从“float”转换到“int”，可能丢失数据
C:\Users\10634\Desktop\919GCAM修改\Update\gcamv8.2\cvs\objects\climate\source\ObjECTS_MAGICC_others.cpp(3648,46): warning C4244: “=”: 从“double”转换到“float”，可能丢失数据
C:\Users\10634\Desktop\919GCAM修改\Update\gcamv8.2\cvs\objects\climate\source\ObjECTS_MAGICC_others.cpp(3659,43): warning C4244: “=”: 从“double”转换到“float”，可能丢失数据
C:\Users\10634\Desktop\919GCAM修改\Update\gcamv8.2\cvs\objects\climate\source\ObjECTS_MAGICC_others.cpp(3668,71): warning C4244: “初始化”: 从“double”转换到“float”，可能丢失数据
C:\Users\10634\Desktop\919GCAM修改\Update\gcamv8.2\cvs\objects\climate\source\ObjECTS_MAGICC_others.cpp(3668,23): warning C4244: “初始化”: 从“double”转换到“const float”，可能丢失数据
C:\Users\10634\Desktop\919GCAM修改\Update\gcamv8.2\cvs\objects\climate\source\ObjECTS_MAGICC_others.cpp(3670,48): warning C4244: “=”: 从“double”转换到“float”，可能丢失数据
C:\Users\10634\Desktop\919GCAM修改\Update\gcamv8.2\cvs\objects\climate\source\ObjECTS_MAGICC.cpp(512,40): warning C4244: “初始化”: 从“float”转换到“int”，可能丢失数据
C:\Users\10634\Desktop\919GCAM修改\Update\gcamv8.2\cvs\objects\climate\source\ObjECTS_MAGICC.cpp(512,22): warning C4244: “初始化”: 从“float”转换到“const int”，可能丢失数据
C:\Users\10634\Desktop\919GCAM修改\Update\gcamv8.2\cvs\objects\climate\source\ObjECTS_MAGICC_others.cpp(3715,29): warning C4244: “初始化”: 从“double”转换到“float”，可能丢失数据
C:\Users\10634\Desktop\919GCAM修改\Update\gcamv8.2\cvs\objects\climate\source\ObjECTS_MAGICC_others.cpp(3715,20): warning C4244: “初始化”: 从“double”转换到“const float”，可能丢失数据
C:\Users\10634\Desktop\919GCAM修改\Update\gcamv8.2\cvs\objects\climate\source\ObjECTS_MAGICC.cpp(514,37): warning C4244: “初始化”: 从“float”转换到“int”，可能丢失数据
C:\Users\10634\Desktop\919GCAM修改\Update\gcamv8.2\cvs\objects\climate\source\ObjECTS_MAGICC.cpp(514,19): warning C4244: “初始化”: 从“float”转换到“const int”，可能丢失数据
C:\Users\10634\Desktop\919GCAM修改\Update\gcamv8.2\cvs\objects\climate\source\ObjECTS_MAGICC.cpp(516,18): warning C4244: “初始化”: 从“float”转换到“int”，可能丢失数据
C:\Users\10634\Desktop\919GCAM修改\Update\gcamv8.2\cvs\objects\climate\source\ObjECTS_MAGICC.cpp(518,41): warning C4244: “初始化”: 从“float”转换到“int”，可能丢失数据
C:\Users\10634\Desktop\919GCAM修改\Update\gcamv8.2\cvs\objects\climate\source\ObjECTS_MAGICC.cpp(518,23): warning C4244: “初始化”: 从“float”转换到“const int”，可能丢失数据
C:\Users\10634\Desktop\919GCAM修改\Update\gcamv8.2\cvs\objects\climate\source\ObjECTS_MAGICC.cpp(520,31): warning C4244: “=”: 从“float”转换到“int”，可能丢失数据
C:\Users\10634\Desktop\919GCAM修改\Update\gcamv8.2\cvs\objects\climate\source\ObjECTS_MAGICC.cpp(564,32): warning C4244: “=”: 从“float”转换到“int”，可能丢失数据
C:\Users\10634\Desktop\919GCAM修改\Update\gcamv8.2\cvs\objects\climate\source\ObjECTS_MAGICC.cpp(580,36): warning C4244: “=”: 从“float”转换到“int”，可能丢失数据
C:\Users\10634\Desktop\919GCAM修改\Update\gcamv8.2\cvs\objects\climate\source\ObjECTS_MAGICC.cpp(612,34): warning C4244: “=”: 从“float”转换到“int”，可能丢失数据
C:\Users\10634\Desktop\919GCAM修改\Update\gcamv8.2\cvs\objects\climate\source\ObjECTS_MAGICC.cpp(618,42): warning C4244: “初始化”: 从“float”转换到“int”，可能丢失数据
C:\Users\10634\Desktop\919GCAM修改\Update\gcamv8.2\cvs\objects\climate\source\ObjECTS_MAGICC.cpp(618,24): warning C4244: “初始化”: 从“float”转换到“const int”，可能丢失数据
C:\Users\10634\Desktop\919GCAM修改\Update\gcamv8.2\cvs\objects\climate\source\ObjECTS_MAGICC.cpp(633,40): warning C4244: “初始化”: 从“float”转换到“int”，可能丢失数据
C:\Users\10634\Desktop\919GCAM修改\Update\gcamv8.2\cvs\objects\climate\source\ObjECTS_MAGICC_others.cpp(3740,58): warning C4244: “初始化”: 从“double”转换到“float”，可能丢失数据
C:\Users\10634\Desktop\919GCAM修改\Update\gcamv8.2\cvs\objects\climate\source\ObjECTS_MAGICC.cpp(633,22): warning C4244: “初始化”: 从“float”转换到“const int”，可能丢失数据
C:\Users\10634\Desktop\919GCAM修改\Update\gcamv8.2\cvs\objects\climate\source\ObjECTS_MAGICC_others.cpp(3740,32): warning C4244: “初始化”: 从“double”转换到“const float”，可能丢失数据
C:\Users\10634\Desktop\919GCAM修改\Update\gcamv8.2\cvs\objects\climate\source\ObjECTS_MAGICC.cpp(688,27): warning C4305: “=”: 从“double”到“float”截断
C:\Users\10634\Desktop\919GCAM修改\Update\gcamv8.2\cvs\objects\climate\source\ObjECTS_MAGICC_others.cpp(3742,56): warning C4244: “初始化”: 从“double”转换到“float”，可能丢失数据
C:\Users\10634\Desktop\919GCAM修改\Update\gcamv8.2\cvs\objects\climate\source\ObjECTS_MAGICC.cpp(690,26): warning C4305: “=”: 从“double”到“float”截断
C:\Users\10634\Desktop\919GCAM修改\Update\gcamv8.2\cvs\objects\climate\source\ObjECTS_MAGICC_others.cpp(3742,32): warning C4244: “初始化”: 从“double”转换到“const float”，可能丢失数据
C:\Users\10634\Desktop\919GCAM修改\Update\gcamv8.2\cvs\objects\climate\source\ObjECTS_MAGICC.cpp(692,24): warning C4305: “=”: 从“double”到“float”截断
C:\Users\10634\Desktop\919GCAM修改\Update\gcamv8.2\cvs\objects\climate\source\ObjECTS_MAGICC.cpp(694,25): warning C4305: “=”: 从“double”到“float”截断
C:\Users\10634\Desktop\919GCAM修改\Update\gcamv8.2\cvs\objects\climate\source\ObjECTS_MAGICC_others.cpp(3770,55): warning C4244: “初始化”: 从“double”转换到“float”，可能丢失数据
C:\Users\10634\Desktop\919GCAM修改\Update\gcamv8.2\cvs\objects\climate\source\ObjECTS_MAGICC.cpp(696,26): warning C4305: “=”: 从“double”到“float”截断
C:\Users\10634\Desktop\919GCAM修改\Update\gcamv8.2\cvs\objects\climate\source\ObjECTS_MAGICC_others.cpp(3770,32): warning C4244: “初始化”: 从“double”转换到“const float”，可能丢失数据
C:\Users\10634\Desktop\919GCAM修改\Update\gcamv8.2\cvs\objects\climate\source\ObjECTS_MAGICC.cpp(701,23): warning C4244: “=”: 从“double”转换到“float”，可能丢失数据
C:\Users\10634\Desktop\919GCAM修改\Update\gcamv8.2\cvs\objects\climate\source\ObjECTS_MAGICC_others.cpp(3772,61): warning C4244: “初始化”: 从“double”转换到“float”，可能丢失数据
C:\Users\10634\Desktop\919GCAM修改\Update\gcamv8.2\cvs\objects\climate\source\ObjECTS_MAGICC_others.cpp(3772,32): warning C4244: “初始化”: 从“double”转换到“const float”，可能丢失数据
C:\Users\10634\Desktop\919GCAM修改\Update\gcamv8.2\cvs\objects\climate\source\ObjECTS_MAGICC_others.cpp(3798,58): warning C4244: “初始化”: 从“double”转换到“float”，可能丢失数据
C:\Users\10634\Desktop\919GCAM修改\Update\gcamv8.2\cvs\objects\climate\source\ObjECTS_MAGICC.cpp(761,35): warning C4244: “=”: 从“float”转换到“int”，可能丢失数据
C:\Users\10634\Desktop\919GCAM修改\Update\gcamv8.2\cvs\objects\climate\source\ObjECTS_MAGICC_others.cpp(3798,32): warning C4244: “初始化”: 从“double”转换到“const float”，可能丢失数据
C:\Users\10634\Desktop\919GCAM修改\Update\gcamv8.2\cvs\objects\climate\source\ObjECTS_MAGICC_others.cpp(3800,64): warning C4244: “初始化”: 从“double”转换到“float”，可能丢失数据
C:\Users\10634\Desktop\919GCAM修改\Update\gcamv8.2\cvs\objects\climate\source\ObjECTS_MAGICC.cpp(772,20): warning C4244: “=”: 从“double”转换到“float”，可能丢失数据
C:\Users\10634\Desktop\919GCAM修改\Update\gcamv8.2\cvs\objects\climate\source\ObjECTS_MAGICC_others.cpp(3800,32): warning C4244: “初始化”: 从“double”转换到“const float”，可能丢失数据
C:\Users\10634\Desktop\919GCAM修改\Update\gcamv8.2\cvs\objects\climate\source\ObjECTS_MAGICC_others.cpp(3820,33): warning C4244: “初始化”: 从“double”转换到“float”，可能丢失数据
C:\Users\10634\Desktop\919GCAM修改\Update\gcamv8.2\cvs\objects\climate\source\ObjECTS_MAGICC_others.cpp(3820,26): warning C4244: “初始化”: 从“double”转换到“const float”，可能丢失数据
C:\Users\10634\Desktop\919GCAM修改\Update\gcamv8.2\cvs\objects\climate\source\ObjECTS_MAGICC.cpp(796,22): warning C4305: “=”: 从“double”到“float”截断
C:\Users\10634\Desktop\919GCAM修改\Update\gcamv8.2\cvs\objects\climate\source\ObjECTS_MAGICC_others.cpp(3822,33): warning C4244: “初始化”: 从“double”转换到“float”，可能丢失数据
C:\Users\10634\Desktop\919GCAM修改\Update\gcamv8.2\cvs\objects\climate\source\ObjECTS_MAGICC_others.cpp(3822,26): warning C4244: “初始化”: 从“double”转换到“const float”，可能丢失数据
C:\Users\10634\Desktop\919GCAM修改\Update\gcamv8.2\cvs\objects\climate\source\ObjECTS_MAGICC.cpp(798,21): warning C4305: “=”: 从“double”到“float”截断
C:\Users\10634\Desktop\919GCAM修改\Update\gcamv8.2\cvs\objects\climate\source\ObjECTS_MAGICC.cpp(802,22): warning C4305: “=”: 从“double”到“float”截断
C:\Users\10634\Desktop\919GCAM修改\Update\gcamv8.2\cvs\objects\climate\source\ObjECTS_MAGICC.cpp(804,23): warning C4305: “=”: 从“double”到“float”截断
C:\Users\10634\Desktop\919GCAM修改\Update\gcamv8.2\cvs\objects\climate\source\ObjECTS_MAGICC.cpp(806,21): warning C4305: “=”: 从“double”到“float”截断
C:\Users\10634\Desktop\919GCAM修改\Update\gcamv8.2\cvs\objects\climate\source\ObjECTS_MAGICC.cpp(808,21): warning C4305: “=”: 从“double”到“float”截断
C:\Users\10634\Desktop\919GCAM修改\Update\gcamv8.2\cvs\objects\climate\source\ObjECTS_MAGICC.cpp(813,20): warning C4305: “=”: 从“double”到“float”截断
C:\Users\10634\Desktop\919GCAM修改\Update\gcamv8.2\cvs\objects\climate\source\ObjECTS_MAGICC.cpp(815,19): warning C4305: “=”: 从“double”到“float”截断
C:\Users\10634\Desktop\919GCAM修改\Update\gcamv8.2\cvs\objects\climate\source\ObjECTS_MAGICC.cpp(817,21): warning C4305: “=”: 从“double”到“float”截断
C:\Users\10634\Desktop\919GCAM修改\Update\gcamv8.2\cvs\objects\climate\source\ObjECTS_MAGICC.cpp(819,22): warning C4305: “=”: 从“double”到“float”截断
C:\Users\10634\Desktop\919GCAM修改\Update\gcamv8.2\cvs\objects\climate\source\ObjECTS_MAGICC.cpp(821,23): warning C4305: “=”: 从“double”到“float”截断
C:\Users\10634\Desktop\919GCAM修改\Update\gcamv8.2\cvs\objects\climate\source\ObjECTS_MAGICC.cpp(823,24): warning C4305: “=”: 从“double”到“float”截断
C:\Users\10634\Desktop\919GCAM修改\Update\gcamv8.2\cvs\objects\climate\source\ObjECTS_MAGICC.cpp(825,22): warning C4305: “=”: 从“double”到“float”截断
C:\Users\10634\Desktop\919GCAM修改\Update\gcamv8.2\cvs\objects\climate\source\ObjECTS_MAGICC_others.cpp(3824,33): warning C4244: “初始化”: 从“double”转换到“float”，可能丢失数据
C:\Users\10634\Desktop\919GCAM修改\Update\gcamv8.2\cvs\objects\climate\source\ObjECTS_MAGICC_others.cpp(3824,26): warning C4244: “初始化”: 从“double”转换到“const float”，可能丢失数据
C:\Users\10634\Desktop\919GCAM修改\Update\gcamv8.2\cvs\objects\climate\source\ObjECTS_MAGICC_others.cpp(3826,33): warning C4244: “初始化”: 从“double”转换到“float”，可能丢失数据
C:\Users\10634\Desktop\919GCAM修改\Update\gcamv8.2\cvs\objects\climate\source\ObjECTS_MAGICC_others.cpp(3826,26): warning C4244: “初始化”: 从“double”转换到“const float”，可能丢失数据
C:\Users\10634\Desktop\919GCAM修改\Update\gcamv8.2\cvs\objects\climate\source\ObjECTS_MAGICC.cpp(827,23): warning C4305: “=”: 从“double”到“float”截断
C:\Users\10634\Desktop\919GCAM修改\Update\gcamv8.2\cvs\objects\climate\source\ObjECTS_MAGICC.cpp(846,36): warning C4305: “=”: 从“double”到“float”截断
C:\Users\10634\Desktop\919GCAM修改\Update\gcamv8.2\cvs\objects\climate\source\ObjECTS_MAGICC.cpp(847,35): warning C4305: “=”: 从“double”到“float”截断
C:\Users\10634\Desktop\919GCAM修改\Update\gcamv8.2\cvs\objects\climate\source\ObjECTS_MAGICC_others.cpp(3847,55): warning C4244: “=”: 从“double”转换到“float”，可能丢失数据
C:\Users\10634\Desktop\919GCAM修改\Update\gcamv8.2\cvs\objects\climate\source\ObjECTS_MAGICC.cpp(849,35): warning C4305: “=”: 从“double”到“float”截断
C:\Users\10634\Desktop\919GCAM修改\Update\gcamv8.2\cvs\objects\climate\source\ObjECTS_MAGICC_others.cpp(3861,55): warning C4244: “=”: 从“double”转换到“float”，可能丢失数据
C:\Users\10634\Desktop\919GCAM修改\Update\gcamv8.2\cvs\objects\climate\source\ObjECTS_MAGICC.cpp(850,35): warning C4305: “=”: 从“double”到“float”截断
C:\Users\10634\Desktop\919GCAM修改\Update\gcamv8.2\cvs\objects\climate\source\ObjECTS_MAGICC_others.cpp(3883,20): warning C4244: “初始化”: 从“double”转换到“float”，可能丢失数据
C:\Users\10634\Desktop\919GCAM修改\Update\gcamv8.2\cvs\objects\climate\source\ObjECTS_MAGICC.cpp(852,36): warning C4305: “=”: 从“double”到“float”截断
C:\Users\10634\Desktop\919GCAM修改\Update\gcamv8.2\cvs\objects\climate\source\ObjECTS_MAGICC_others.cpp(3885,17): warning C4244: “初始化”: 从“double”转换到“float”，可能丢失数据
C:\Users\10634\Desktop\919GCAM修改\Update\gcamv8.2\cvs\objects\climate\source\ObjECTS_MAGICC.cpp(854,37): warning C4305: “=”: 从“double”到“float”截断
C:\Users\10634\Desktop\919GCAM修改\Update\gcamv8.2\cvs\objects\climate\source\ObjECTS_MAGICC_others.cpp(3887,19): warning C4244: “初始化”: 从“double”转换到“float”，可能丢失数据
C:\Users\10634\Desktop\919GCAM修改\Update\gcamv8.2\cvs\objects\climate\source\ObjECTS_MAGICC.cpp(855,37): warning C4305: “=”: 从“double”到“float”截断
C:\Users\10634\Desktop\919GCAM修改\Update\gcamv8.2\cvs\objects\climate\source\ObjECTS_MAGICC.cpp(856,38): warning C4305: “=”: 从“double”到“float”截断
C:\Users\10634\Desktop\919GCAM修改\Update\gcamv8.2\cvs\objects\climate\source\ObjECTS_MAGICC.cpp(857,36): warning C4305: “=”: 从“double”到“float”截断
C:\Users\10634\Desktop\919GCAM修改\Update\gcamv8.2\cvs\objects\climate\source\ObjECTS_MAGICC.cpp(858,36): warning C4305: “=”: 从“double”到“float”截断
C:\Users\10634\Desktop\919GCAM修改\Update\gcamv8.2\cvs\objects\climate\source\ObjECTS_MAGICC.cpp(877,37): warning C4305: “=”: 从“double”到“float”截断
C:\Users\10634\Desktop\919GCAM修改\Update\gcamv8.2\cvs\objects\climate\source\ObjECTS_MAGICC.cpp(878,36): warning C4305: “=”: 从“double”到“float”截断
C:\Users\10634\Desktop\919GCAM修改\Update\gcamv8.2\cvs\objects\climate\source\ObjECTS_MAGICC.cpp(880,36): warning C4305: “=”: 从“double”到“float”截断
C:\Users\10634\Desktop\919GCAM修改\Update\gcamv8.2\cvs\objects\climate\source\ObjECTS_MAGICC.cpp(881,36): warning C4305: “=”: 从“double”到“float”截断
C:\Users\10634\Desktop\919GCAM修改\Update\gcamv8.2\cvs\objects\climate\source\ObjECTS_MAGICC.cpp(883,37): warning C4305: “=”: 从“double”到“float”截断
C:\Users\10634\Desktop\919GCAM修改\Update\gcamv8.2\cvs\objects\climate\source\ObjECTS_MAGICC.cpp(884,35): warning C4305: “=”: 从“double”到“float”截断
C:\Users\10634\Desktop\919GCAM修改\Update\gcamv8.2\cvs\objects\climate\source\ObjECTS_MAGICC.cpp(885,38): warning C4305: “=”: 从“double”到“float”截断
C:\Users\10634\Desktop\919GCAM修改\Update\gcamv8.2\cvs\objects\climate\source\ObjECTS_MAGICC.cpp(886,38): warning C4305: “=”: 从“double”到“float”截断
C:\Users\10634\Desktop\919GCAM修改\Update\gcamv8.2\cvs\objects\climate\source\ObjECTS_MAGICC.cpp(887,38): warning C4305: “=”: 从“double”到“float”截断
C:\Users\10634\Desktop\919GCAM修改\Update\gcamv8.2\cvs\objects\climate\source\ObjECTS_MAGICC.cpp(888,37): warning C4305: “=”: 从“double”到“float”截断
C:\Users\10634\Desktop\919GCAM修改\Update\gcamv8.2\cvs\objects\climate\source\ObjECTS_MAGICC.cpp(889,37): warning C4305: “=”: 从“double”到“float”截断
C:\Users\10634\Desktop\919GCAM修改\Update\gcamv8.2\cvs\objects\climate\source\ObjECTS_MAGICC.cpp(908,36): warning C4305: “=”: 从“double”到“float”截断
C:\Users\10634\Desktop\919GCAM修改\Update\gcamv8.2\cvs\objects\climate\source\ObjECTS_MAGICC.cpp(911,35): warning C4305: “=”: 从“double”到“float”截断
C:\Users\10634\Desktop\919GCAM修改\Update\gcamv8.2\cvs\objects\climate\source\ObjECTS_MAGICC.cpp(912,35): warning C4305: “=”: 从“double”到“float”截断
C:\Users\10634\Desktop\919GCAM修改\Update\gcamv8.2\cvs\objects\climate\source\ObjECTS_MAGICC.cpp(914,36): warning C4305: “=”: 从“double”到“float”截断
C:\Users\10634\Desktop\919GCAM修改\Update\gcamv8.2\cvs\objects\climate\source\ObjECTS_MAGICC.cpp(915,34): warning C4305: “=”: 从“double”到“float”截断
C:\Users\10634\Desktop\919GCAM修改\Update\gcamv8.2\cvs\objects\climate\source\ObjECTS_MAGICC.cpp(916,37): warning C4305: “=”: 从“double”到“float”截断
C:\Users\10634\Desktop\919GCAM修改\Update\gcamv8.2\cvs\objects\climate\source\ObjECTS_MAGICC.cpp(917,37): warning C4305: “=”: 从“double”到“float”截断
C:\Users\10634\Desktop\919GCAM修改\Update\gcamv8.2\cvs\objects\climate\source\ObjECTS_MAGICC.cpp(918,38): warning C4305: “=”: 从“double”到“float”截断
C:\Users\10634\Desktop\919GCAM修改\Update\gcamv8.2\cvs\objects\climate\source\ObjECTS_MAGICC.cpp(919,36): warning C4305: “=”: 从“double”到“float”截断
C:\Users\10634\Desktop\919GCAM修改\Update\gcamv8.2\cvs\objects\climate\source\ObjECTS_MAGICC.cpp(920,36): warning C4305: “=”: 从“double”到“float”截断
C:\Users\10634\Desktop\919GCAM修改\Update\gcamv8.2\cvs\objects\climate\source\ObjECTS_MAGICC_others.cpp(3901,24): warning C4244: “=”: 从“double”转换到“float”，可能丢失数据
C:\Users\10634\Desktop\919GCAM修改\Update\gcamv8.2\cvs\objects\climate\source\ObjECTS_MAGICC_others.cpp(3945,20): warning C4305: “=”: 从“double”到“float”截断
C:\Users\10634\Desktop\919GCAM修改\Update\gcamv8.2\cvs\objects\climate\source\ObjECTS_MAGICC_others.cpp(3947,19): warning C4305: “=”: 从“double”到“float”截断
C:\Users\10634\Desktop\919GCAM修改\Update\gcamv8.2\cvs\objects\climate\source\ObjECTS_MAGICC_others.cpp(3955,19): warning C4305: “=”: 从“double”到“float”截断
C:\Users\10634\Desktop\919GCAM修改\Update\gcamv8.2\cvs\objects\climate\source\ObjECTS_MAGICC_others.cpp(3970,25): warning C4244: “初始化”: 从“double”转换到“float”，可能丢失数据
C:\Users\10634\Desktop\919GCAM修改\Update\gcamv8.2\cvs\objects\climate\source\ObjECTS_MAGICC_others.cpp(3970,19): warning C4244: “初始化”: 从“double”转换到“const float”，可能丢失数据
C:\Users\10634\Desktop\919GCAM修改\Update\gcamv8.2\cvs\objects\climate\source\ObjECTS_MAGICC.cpp(939,36): warning C4305: “=”: 从“double”到“float”截断
C:\Users\10634\Desktop\919GCAM修改\Update\gcamv8.2\cvs\objects\climate\source\ObjECTS_MAGICC_others.cpp(3983,16): warning C4244: “=”: 从“double”转换到“float”，可能丢失数据
C:\Users\10634\Desktop\919GCAM修改\Update\gcamv8.2\cvs\objects\climate\source\ObjECTS_MAGICC.cpp(942,35): warning C4305: “=”: 从“double”到“float”截断
C:\Users\10634\Desktop\919GCAM修改\Update\gcamv8.2\cvs\objects\climate\source\ObjECTS_MAGICC_others.cpp(3985,21): warning C4244: “=”: 从“double”转换到“float”，可能丢失数据
C:\Users\10634\Desktop\919GCAM修改\Update\gcamv8.2\cvs\objects\climate\source\ObjECTS_MAGICC.cpp(943,35): warning C4305: “=”: 从“double”到“float”截断
C:\Users\10634\Desktop\919GCAM修改\Update\gcamv8.2\cvs\objects\climate\source\ObjECTS_MAGICC_others.cpp(3997,20): warning C4244: “=”: 从“double”转换到“float”，可能丢失数据
C:\Users\10634\Desktop\919GCAM修改\Update\gcamv8.2\cvs\objects\climate\source\ObjECTS_MAGICC.cpp(945,36): warning C4305: “=”: 从“double”到“float”截断
C:\Users\10634\Desktop\919GCAM修改\Update\gcamv8.2\cvs\objects\climate\source\ObjECTS_MAGICC_others.cpp(3997,56): warning C4305: “=”: 从“double”到“float”截断
C:\Users\10634\Desktop\919GCAM修改\Update\gcamv8.2\cvs\objects\climate\source\ObjECTS_MAGICC_others.cpp(3997,69): warning C4305: “=”: 从“double”到“float”截断
C:\Users\10634\Desktop\919GCAM修改\Update\gcamv8.2\cvs\objects\climate\source\ObjECTS_MAGICC_others.cpp(3997,85): warning C4305: “=”: 从“double”到“float”截断
C:\Users\10634\Desktop\919GCAM修改\Update\gcamv8.2\cvs\objects\climate\source\ObjECTS_MAGICC_others.cpp(4008,20): warning C4244: “=”: 从“double”转换到“float”，可能丢失数据
C:\Users\10634\Desktop\919GCAM修改\Update\gcamv8.2\cvs\objects\climate\source\ObjECTS_MAGICC_others.cpp(4008,74): warning C4305: “=”: 从“double”到“float”截断
C:\Users\10634\Desktop\919GCAM修改\Update\gcamv8.2\cvs\objects\climate\source\ObjECTS_MAGICC.cpp(946,34): warning C4305: “=”: 从“double”到“float”截断
C:\Users\10634\Desktop\919GCAM修改\Update\gcamv8.2\cvs\objects\climate\source\ObjECTS_MAGICC_others.cpp(4019,20): warning C4244: “=”: 从“double”转换到“float”，可能丢失数据
C:\Users\10634\Desktop\919GCAM修改\Update\gcamv8.2\cvs\objects\climate\source\ObjECTS_MAGICC.cpp(947,37): warning C4305: “=”: 从“double”到“float”截断
C:\Users\10634\Desktop\919GCAM修改\Update\gcamv8.2\cvs\objects\climate\source\ObjECTS_MAGICC_others.cpp(4019,64): warning C4305: “=”: 从“double”到“float”截断
C:\Users\10634\Desktop\919GCAM修改\Update\gcamv8.2\cvs\objects\climate\source\ObjECTS_MAGICC.cpp(948,37): warning C4305: “=”: 从“double”到“float”截断
C:\Users\10634\Desktop\919GCAM修改\Update\gcamv8.2\cvs\objects\climate\source\ObjECTS_MAGICC_others.cpp(4030,20): warning C4244: “=”: 从“double”转换到“float”，可能丢失数据
C:\Users\10634\Desktop\919GCAM修改\Update\gcamv8.2\cvs\objects\climate\source\ObjECTS_MAGICC_others.cpp(4030,74): warning C4305: “=”: 从“double”到“float”截断
C:\Users\10634\Desktop\919GCAM修改\Update\gcamv8.2\cvs\objects\climate\source\ObjECTS_MAGICC.cpp(949,38): warning C4305: “=”: 从“double”到“float”截断
C:\Users\10634\Desktop\919GCAM修改\Update\gcamv8.2\cvs\objects\climate\source\ObjECTS_MAGICC.cpp(950,36): warning C4305: “=”: 从“double”到“float”截断
C:\Users\10634\Desktop\919GCAM修改\Update\gcamv8.2\cvs\objects\climate\source\ObjECTS_MAGICC_others.cpp(4057,16): warning C4244: “=”: 从“double”转换到“float”，可能丢失数据
C:\Users\10634\Desktop\919GCAM修改\Update\gcamv8.2\cvs\objects\climate\source\ObjECTS_MAGICC.cpp(951,36): warning C4305: “=”: 从“double”到“float”截断
C:\Users\10634\Desktop\919GCAM修改\Update\gcamv8.2\cvs\objects\climate\source\ObjECTS_MAGICC.cpp(970,36): warning C4305: “=”: 从“double”到“float”截断
C:\Users\10634\Desktop\919GCAM修改\Update\gcamv8.2\cvs\objects\climate\source\ObjECTS_MAGICC.cpp(971,35): warning C4305: “=”: 从“double”到“float”截断
C:\Users\10634\Desktop\919GCAM修改\Update\gcamv8.2\cvs\objects\climate\source\ObjECTS_MAGICC_others.cpp(4059,22): warning C4244: “=”: 从“double”转换到“float”，可能丢失数据
C:\Users\10634\Desktop\919GCAM修改\Update\gcamv8.2\cvs\objects\climate\source\ObjECTS_MAGICC.cpp(974,35): warning C4305: “=”: 从“double”到“float”截断
C:\Users\10634\Desktop\919GCAM修改\Update\gcamv8.2\cvs\objects\climate\source\ObjECTS_MAGICC_others.cpp(4072,20): warning C4244: “=”: 从“double”转换到“float”，可能丢失数据
C:\Users\10634\Desktop\919GCAM修改\Update\gcamv8.2\cvs\objects\climate\source\ObjECTS_MAGICC.cpp(976,36): warning C4305: “=”: 从“double”到“float”截断
C:\Users\10634\Desktop\919GCAM修改\Update\gcamv8.2\cvs\objects\climate\source\ObjECTS_MAGICC_others.cpp(4072,54): warning C4305: “=”: 从“double”到“float”截断
C:\Users\10634\Desktop\919GCAM修改\Update\gcamv8.2\cvs\objects\climate\source\ObjECTS_MAGICC.cpp(977,34): warning C4305: “=”: 从“double”到“float”截断
C:\Users\10634\Desktop\919GCAM修改\Update\gcamv8.2\cvs\objects\climate\source\ObjECTS_MAGICC_others.cpp(4072,70): warning C4305: “=”: 从“double”到“float”截断
C:\Users\10634\Desktop\919GCAM修改\Update\gcamv8.2\cvs\objects\climate\source\ObjECTS_MAGICC.cpp(978,37): warning C4305: “=”: 从“double”到“float”截断
C:\Users\10634\Desktop\919GCAM修改\Update\gcamv8.2\cvs\objects\climate\source\ObjECTS_MAGICC_others.cpp(4072,86): warning C4305: “=”: 从“double”到“float”截断
C:\Users\10634\Desktop\919GCAM修改\Update\gcamv8.2\cvs\objects\climate\source\ObjECTS_MAGICC.cpp(979,37): warning C4305: “=”: 从“double”到“float”截断
C:\Users\10634\Desktop\919GCAM修改\Update\gcamv8.2\cvs\objects\climate\source\ObjECTS_MAGICC_others.cpp(4083,20): warning C4244: “=”: 从“double”转换到“float”，可能丢失数据
C:\Users\10634\Desktop\919GCAM修改\Update\gcamv8.2\cvs\objects\climate\source\ObjECTS_MAGICC.cpp(980,38): warning C4305: “=”: 从“double”到“float”截断
C:\Users\10634\Desktop\919GCAM修改\Update\gcamv8.2\cvs\objects\climate\source\ObjECTS_MAGICC.cpp(981,36): warning C4305: “=”: 从“double”到“float”截断
C:\Users\10634\Desktop\919GCAM修改\Update\gcamv8.2\cvs\objects\climate\source\ObjECTS_MAGICC.cpp(982,36): warning C4305: “=”: 从“double”到“float”截断
C:\Users\10634\Desktop\919GCAM修改\Update\gcamv8.2\cvs\objects\climate\source\ObjECTS_MAGICC_others.cpp(4083,53): warning C4305: “=”: 从“double”到“float”截断
C:\Users\10634\Desktop\919GCAM修改\Update\gcamv8.2\cvs\objects\climate\source\ObjECTS_MAGICC_others.cpp(4083,64): warning C4305: “=”: 从“double”到“float”截断
C:\Users\10634\Desktop\919GCAM修改\Update\gcamv8.2\cvs\objects\climate\source\ObjECTS_MAGICC.cpp(1001,36): warning C4305: “=”: 从“double”到“float”截断
C:\Users\10634\Desktop\919GCAM修改\Update\gcamv8.2\cvs\objects\climate\source\ObjECTS_MAGICC_others.cpp(4094,20): warning C4244: “=”: 从“double”转换到“float”，可能丢失数据
C:\Users\10634\Desktop\919GCAM修改\Update\gcamv8.2\cvs\objects\climate\source\ObjECTS_MAGICC.cpp(1002,35): warning C4305: “=”: 从“double”到“float”截断
C:\Users\10634\Desktop\919GCAM修改\Update\gcamv8.2\cvs\objects\climate\source\ObjECTS_MAGICC_others.cpp(4094,53): warning C4305: “=”: 从“double”到“float”截断
C:\Users\10634\Desktop\919GCAM修改\Update\gcamv8.2\cvs\objects\climate\source\ObjECTS_MAGICC_others.cpp(4094,64): warning C4305: “=”: 从“double”到“float”截断
C:\Users\10634\Desktop\919GCAM修改\Update\gcamv8.2\cvs\objects\climate\source\ObjECTS_MAGICC_others.cpp(4105,20): warning C4244: “=”: 从“double”转换到“float”，可能丢失数据
C:\Users\10634\Desktop\919GCAM修改\Update\gcamv8.2\cvs\objects\climate\source\ObjECTS_MAGICC_others.cpp(4105,63): warning C4305: “=”: 从“double”到“float”截断
C:\Users\10634\Desktop\919GCAM修改\Update\gcamv8.2\cvs\objects\climate\source\ObjECTS_MAGICC_others.cpp(4105,76): warning C4305: “=”: 从“double”到“float”截断
C:\Users\10634\Desktop\919GCAM修改\Update\gcamv8.2\cvs\objects\climate\source\ObjECTS_MAGICC_others.cpp(4137,54): warning C4244: “=”: 从“double”转换到“float”，可能丢失数据
C:\Users\10634\Desktop\919GCAM修改\Update\gcamv8.2\cvs\objects\climate\source\ObjECTS_MAGICC_others.cpp(4140,43): warning C4244: “=”: 从“double”转换到“float”，可能丢失数据
C:\Users\10634\Desktop\919GCAM修改\Update\gcamv8.2\cvs\objects\climate\source\ObjECTS_MAGICC_others.cpp(4143,42): warning C4244: “=”: 从“double”转换到“float”，可能丢失数据
C:\Users\10634\Desktop\919GCAM修改\Update\gcamv8.2\cvs\objects\climate\source\ObjECTS_MAGICC_others.cpp(4146,44): warning C4244: “=”: 从“double”转换到“float”，可能丢失数据
C:\Users\10634\Desktop\919GCAM修改\Update\gcamv8.2\cvs\objects\climate\source\ObjECTS_MAGICC.cpp(1004,35): warning C4305: “=”: 从“double”到“float”截断
C:\Users\10634\Desktop\919GCAM修改\Update\gcamv8.2\cvs\objects\climate\source\ObjECTS_MAGICC.cpp(1005,35): warning C4305: “=”: 从“double”到“float”截断
C:\Users\10634\Desktop\919GCAM修改\Update\gcamv8.2\cvs\objects\climate\source\ObjECTS_MAGICC_others.cpp(4219,37): warning C4244: “=”: 从“double”转换到“float”，可能丢失数据
C:\Users\10634\Desktop\919GCAM修改\Update\gcamv8.2\cvs\objects\climate\source\ObjECTS_MAGICC.cpp(1007,36): warning C4305: “=”: 从“double”到“float”截断
C:\Users\10634\Desktop\919GCAM修改\Update\gcamv8.2\cvs\objects\climate\source\ObjECTS_MAGICC.cpp(1008,34): warning C4305: “=”: 从“double”到“float”截断
C:\Users\10634\Desktop\919GCAM修改\Update\gcamv8.2\cvs\objects\climate\source\ObjECTS_MAGICC_others.cpp(4228,23): warning C4244: “=”: 从“double”转换到“float”，可能丢失数据
C:\Users\10634\Desktop\919GCAM修改\Update\gcamv8.2\cvs\objects\climate\source\ObjECTS_MAGICC.cpp(1009,37): warning C4305: “=”: 从“double”到“float”截断
C:\Users\10634\Desktop\919GCAM修改\Update\gcamv8.2\cvs\objects\climate\source\ObjECTS_MAGICC_others.cpp(4232,40): warning C4244: “*=”: 从“double”转换到“float”，可能丢失数据
C:\Users\10634\Desktop\919GCAM修改\Update\gcamv8.2\cvs\objects\climate\source\ObjECTS_MAGICC.cpp(1010,37): warning C4305: “=”: 从“double”到“float”截断
C:\Users\10634\Desktop\919GCAM修改\Update\gcamv8.2\cvs\objects\climate\source\ObjECTS_MAGICC_others.cpp(4234,37): warning C4244: “=”: 从“double”转换到“float”，可能丢失数据
C:\Users\10634\Desktop\919GCAM修改\Update\gcamv8.2\cvs\objects\climate\source\ObjECTS_MAGICC.cpp(1011,38): warning C4305: “=”: 从“double”到“float”截断
C:\Users\10634\Desktop\919GCAM修改\Update\gcamv8.2\cvs\objects\climate\source\ObjECTS_MAGICC.cpp(1012,36): warning C4305: “=”: 从“double”到“float”截断
C:\Users\10634\Desktop\919GCAM修改\Update\gcamv8.2\cvs\objects\climate\source\ObjECTS_MAGICC_others.cpp(4243,23): warning C4244: “=”: 从“double”转换到“float”，可能丢失数据
C:\Users\10634\Desktop\919GCAM修改\Update\gcamv8.2\cvs\objects\climate\source\ObjECTS_MAGICC.cpp(1013,36): warning C4305: “=”: 从“double”到“float”截断
C:\Users\10634\Desktop\919GCAM修改\Update\gcamv8.2\cvs\objects\climate\source\ObjECTS_MAGICC_others.cpp(4247,40): warning C4244: “*=”: 从“double”转换到“float”，可能丢失数据
C:\Users\10634\Desktop\919GCAM修改\Update\gcamv8.2\cvs\objects\climate\source\ObjECTS_MAGICC.cpp(1032,36): warning C4305: “=”: 从“double”到“float”截断
C:\Users\10634\Desktop\919GCAM修改\Update\gcamv8.2\cvs\objects\climate\source\ObjECTS_MAGICC.cpp(1033,35): warning C4305: “=”: 从“double”到“float”截断
C:\Users\10634\Desktop\919GCAM修改\Update\gcamv8.2\cvs\objects\climate\source\ObjECTS_MAGICC_others.cpp(4249,37): warning C4244: “=”: 从“double”转换到“float”，可能丢失数据
C:\Users\10634\Desktop\919GCAM修改\Update\gcamv8.2\cvs\objects\climate\source\ObjECTS_MAGICC.cpp(1035,35): warning C4305: “=”: 从“double”到“float”截断
C:\Users\10634\Desktop\919GCAM修改\Update\gcamv8.2\cvs\objects\climate\source\ObjECTS_MAGICC_others.cpp(4262,23): warning C4244: “=”: 从“double”转换到“float”，可能丢失数据
C:\Users\10634\Desktop\919GCAM修改\Update\gcamv8.2\cvs\objects\climate\source\ObjECTS_MAGICC.cpp(1036,35): warning C4305: “=”: 从“double”到“float”截断
C:\Users\10634\Desktop\919GCAM修改\Update\gcamv8.2\cvs\objects\climate\source\ObjECTS_MAGICC_others.cpp(4266,40): warning C4244: “*=”: 从“double”转换到“float”，可能丢失数据
C:\Users\10634\Desktop\919GCAM修改\Update\gcamv8.2\cvs\objects\climate\source\ObjECTS_MAGICC.cpp(1038,36): warning C4305: “=”: 从“double”到“float”截断
C:\Users\10634\Desktop\919GCAM修改\Update\gcamv8.2\cvs\objects\climate\source\ObjECTS_MAGICC_others.cpp(4268,37): warning C4244: “=”: 从“double”转换到“float”，可能丢失数据
C:\Users\10634\Desktop\919GCAM修改\Update\gcamv8.2\cvs\objects\climate\source\ObjECTS_MAGICC.cpp(1039,34): warning C4305: “=”: 从“double”到“float”截断
C:\Users\10634\Desktop\919GCAM修改\Update\gcamv8.2\cvs\objects\climate\source\ObjECTS_MAGICC.cpp(1040,37): warning C4305: “=”: 从“double”到“float”截断
C:\Users\10634\Desktop\919GCAM修改\Update\gcamv8.2\cvs\objects\climate\source\ObjECTS_MAGICC.cpp(1041,37): warning C4305: “=”: 从“double”到“float”截断
  info.cpp
C:\Users\10634\Desktop\919GCAM修改\Update\gcamv8.2\cvs\objects\climate\source\ObjECTS_MAGICC.cpp(1042,38): warning C4305: “=”: 从“double”到“float”截断
C:\Users\10634\Desktop\919GCAM修改\Update\gcamv8.2\cvs\objects\climate\source\ObjECTS_MAGICC_others.cpp(4308,20): warning C4244: “初始化”: 从“double”转换到“float”，可能丢失数据
C:\Users\10634\Desktop\919GCAM修改\Update\gcamv8.2\cvs\objects\climate\source\ObjECTS_MAGICC.cpp(1043,36): warning C4305: “=”: 从“double”到“float”截断
C:\Users\10634\Desktop\919GCAM修改\Update\gcamv8.2\cvs\objects\climate\source\ObjECTS_MAGICC.cpp(1044,36): warning C4305: “=”: 从“double”到“float”截断
C:\Users\10634\Desktop\919GCAM修改\Update\gcamv8.2\cvs\objects\climate\source\ObjECTS_MAGICC_others.cpp(4328,23): warning C4244: “=”: 从“double”转换到“float”，可能丢失数据
C:\Users\10634\Desktop\919GCAM修改\Update\gcamv8.2\cvs\objects\climate\source\ObjECTS_MAGICC.cpp(1074,37): warning C4244: “=”: 从“float”转换到“int”，可能丢失数据
C:\Users\10634\Desktop\919GCAM修改\Update\gcamv8.2\cvs\objects\climate\source\ObjECTS_MAGICC.cpp(1076,38): warning C4244: “初始化”: 从“float”转换到“int”，可能丢失数据
C:\Users\10634\Desktop\919GCAM修改\Update\gcamv8.2\cvs\objects\climate\source\ObjECTS_MAGICC.cpp(1076,20): warning C4244: “初始化”: 从“float”转换到“const int”，可能丢失数据
C:\Users\10634\Desktop\919GCAM修改\Update\gcamv8.2\cvs\objects\climate\source\ObjECTS_MAGICC.cpp(1079,40): warning C4244: “初始化”: 从“float”转换到“int”，可能丢失数据
C:\Users\10634\Desktop\919GCAM修改\Update\gcamv8.2\cvs\objects\climate\source\ObjECTS_MAGICC.cpp(1079,22): warning C4244: “初始化”: 从“float”转换到“const int”，可能丢失数据
C:\Users\10634\Desktop\919GCAM修改\Update\gcamv8.2\cvs\objects\climate\source\ObjECTS_MAGICC.cpp(1083,34): warning C4244: “=”: 从“float”转换到“int”，可能丢失数据
C:\Users\10634\Desktop\919GCAM修改\Update\gcamv8.2\cvs\objects\climate\source\ObjECTS_MAGICC_others.cpp(4339,23): warning C4244: “=”: 从“double”转换到“float”，可能丢失数据
C:\Users\10634\Desktop\919GCAM修改\Update\gcamv8.2\cvs\objects\climate\source\ObjECTS_MAGICC_others.cpp(4350,23): warning C4244: “=”: 从“double”转换到“float”，可能丢失数据
C:\Users\10634\Desktop\919GCAM修改\Update\gcamv8.2\cvs\objects\climate\source\ObjECTS_MAGICC.cpp(1105,35): warning C4244: “=”: 从“float”转换到“int”，可能丢失数据
C:\Users\10634\Desktop\919GCAM修改\Update\gcamv8.2\cvs\objects\climate\source\ObjECTS_MAGICC.cpp(1109,38): warning C4244: “初始化”: 从“float”转换到“int”，可能丢失数据
C:\Users\10634\Desktop\919GCAM修改\Update\gcamv8.2\cvs\objects\climate\source\ObjECTS_MAGICC.cpp(1109,20): warning C4244: “初始化”: 从“float”转换到“const int”，可能丢失数据
C:\Users\10634\Desktop\919GCAM修改\Update\gcamv8.2\cvs\objects\climate\source\ObjECTS_MAGICC.cpp(1111,40): warning C4244: “初始化”: 从“float”转换到“int”，可能丢失数据
C:\Users\10634\Desktop\919GCAM修改\Update\gcamv8.2\cvs\objects\climate\source\ObjECTS_MAGICC.cpp(1111,22): warning C4244: “初始化”: 从“float”转换到“const int”，可能丢失数据
C:\Users\10634\Desktop\919GCAM修改\Update\gcamv8.2\cvs\objects\climate\source\ObjECTS_MAGICC_others.cpp(4440,16): warning C4305: “=”: 从“double”到“float”截断
C:\Users\10634\Desktop\919GCAM修改\Update\gcamv8.2\cvs\objects\climate\source\ObjECTS_MAGICC.cpp(1113,41): warning C4244: “初始化”: 从“float”转换到“int”，可能丢失数据
C:\Users\10634\Desktop\919GCAM修改\Update\gcamv8.2\cvs\objects\climate\source\ObjECTS_MAGICC_others.cpp(4444,17): warning C4244: “=”: 从“double”转换到“float”，可能丢失数据
C:\Users\10634\Desktop\919GCAM修改\Update\gcamv8.2\cvs\objects\climate\source\ObjECTS_MAGICC.cpp(1113,23): warning C4244: “初始化”: 从“float”转换到“const int”，可能丢失数据
C:\Users\10634\Desktop\919GCAM修改\Update\gcamv8.2\cvs\objects\climate\source\ObjECTS_MAGICC_others.cpp(4458,17): warning C4305: “=”: 从“double”到“float”截断
C:\Users\10634\Desktop\919GCAM修改\Update\gcamv8.2\cvs\objects\climate\source\ObjECTS_MAGICC.cpp(1115,42): warning C4244: “初始化”: 从“float”转换到“int”，可能丢失数据
C:\Users\10634\Desktop\919GCAM修改\Update\gcamv8.2\cvs\objects\climate\source\ObjECTS_MAGICC_others.cpp(4462,18): warning C4244: “=”: 从“double”转换到“float”，可能丢失数据
C:\Users\10634\Desktop\919GCAM修改\Update\gcamv8.2\cvs\objects\climate\source\ObjECTS_MAGICC.cpp(1115,24): warning C4244: “初始化”: 从“float”转换到“const int”，可能丢失数据
C:\Users\10634\Desktop\919GCAM修改\Update\gcamv8.2\cvs\objects\climate\source\ObjECTS_MAGICC.cpp(1117,42): warning C4244: “初始化”: 从“float”转换到“int”，可能丢失数据
C:\Users\10634\Desktop\919GCAM修改\Update\gcamv8.2\cvs\objects\climate\source\ObjECTS_MAGICC.cpp(1117,24): warning C4244: “初始化”: 从“float”转换到“const int”，可能丢失数据
C:\Users\10634\Desktop\919GCAM修改\Update\gcamv8.2\cvs\objects\climate\source\ObjECTS_MAGICC.cpp(1125,35): warning C4244: “=”: 从“float”转换到“int”，可能丢失数据
C:\Users\10634\Desktop\919GCAM修改\Update\gcamv8.2\cvs\objects\climate\source\ObjECTS_MAGICC.cpp(1147,41): warning C4244: “初始化”: 从“float”转换到“int”，可能丢失数据
C:\Users\10634\Desktop\919GCAM修改\Update\gcamv8.2\cvs\objects\climate\source\ObjECTS_MAGICC.cpp(1147,23): warning C4244: “初始化”: 从“float”转换到“const int”，可能丢失数据
C:\Users\10634\Desktop\919GCAM修改\Update\gcamv8.2\cvs\objects\climate\source\ObjECTS_MAGICC.cpp(1159,39): warning C4244: “初始化”: 从“float”转换到“int”，可能丢失数据
C:\Users\10634\Desktop\919GCAM修改\Update\gcamv8.2\cvs\objects\climate\source\ObjECTS_MAGICC.cpp(1159,21): warning C4244: “初始化”: 从“float”转换到“const int”，可能丢失数据
C:\Users\10634\Desktop\919GCAM修改\Update\gcamv8.2\cvs\objects\climate\source\ObjECTS_MAGICC.cpp(1192,53): warning C4305: “=”: 从“double”到“float”截断
C:\Users\10634\Desktop\919GCAM修改\Update\gcamv8.2\cvs\objects\climate\source\ObjECTS_MAGICC.cpp(1195,18): warning C4244: “=”: 从“double”转换到“float”，可能丢失数据
C:\Users\10634\Desktop\919GCAM修改\Update\gcamv8.2\cvs\objects\climate\source\ObjECTS_MAGICC_others.cpp(4476,46): warning C4244: “初始化”: 从“double”转换到“float”，可能丢失数据
C:\Users\10634\Desktop\919GCAM修改\Update\gcamv8.2\cvs\objects\climate\source\ObjECTS_MAGICC.cpp(1206,31): warning C4305: “=”: 从“double”到“float”截断
C:\Users\10634\Desktop\919GCAM修改\Update\gcamv8.2\cvs\objects\climate\source\ObjECTS_MAGICC_others.cpp(4476,19): warning C4244: “初始化”: 从“double”转换到“const float”，可能丢失数据
C:\Users\10634\Desktop\919GCAM修改\Update\gcamv8.2\cvs\objects\climate\source\ObjECTS_MAGICC.cpp(1207,31): warning C4305: “=”: 从“double”到“float”截断
C:\Users\10634\Desktop\919GCAM修改\Update\gcamv8.2\cvs\objects\climate\source\ObjECTS_MAGICC.cpp(1208,33): warning C4305: “=”: 从“double”到“float”截断
C:\Users\10634\Desktop\919GCAM修改\Update\gcamv8.2\cvs\objects\climate\source\ObjECTS_MAGICC.cpp(1209,32): warning C4305: “=”: 从“double”到“float”截断
C:\Users\10634\Desktop\919GCAM修改\Update\gcamv8.2\cvs\objects\climate\source\ObjECTS_MAGICC_others.cpp(4521,30): warning C4305: “初始化”: 从“double”到“float”截断
C:\Users\10634\Desktop\919GCAM修改\Update\gcamv8.2\cvs\objects\climate\source\ObjECTS_MAGICC.cpp(1219,31): warning C4305: “=”: 从“double”到“float”截断
C:\Users\10634\Desktop\919GCAM修改\Update\gcamv8.2\cvs\objects\climate\source\ObjECTS_MAGICC_others.cpp(4523,30): warning C4305: “初始化”: 从“double”到“float”截断
C:\Users\10634\Desktop\919GCAM修改\Update\gcamv8.2\cvs\objects\climate\source\ObjECTS_MAGICC.cpp(1220,31): warning C4305: “=”: 从“double”到“float”截断
C:\Users\10634\Desktop\919GCAM修改\Update\gcamv8.2\cvs\objects\climate\source\ObjECTS_MAGICC.cpp(1221,32): warning C4305: “=”: 从“double”到“float”截断
C:\Users\10634\Desktop\919GCAM修改\Update\gcamv8.2\cvs\objects\climate\source\ObjECTS_MAGICC_others.cpp(4528,37): warning C4244: “=”: 从“double”转换到“float”，可能丢失数据
C:\Users\10634\Desktop\919GCAM修改\Update\gcamv8.2\cvs\objects\climate\source\ObjECTS_MAGICC_others.cpp(4530,37): warning C4244: “=”: 从“double”转换到“float”，可能丢失数据
C:\Users\10634\Desktop\919GCAM修改\Update\gcamv8.2\cvs\objects\climate\source\ObjECTS_MAGICC.cpp(1222,32): warning C4305: “=”: 从“double”到“float”截断
C:\Users\10634\Desktop\919GCAM修改\Update\gcamv8.2\cvs\objects\climate\source\ObjECTS_MAGICC.cpp(1231,31): warning C4305: “=”: 从“double”到“float”截断
C:\Users\10634\Desktop\919GCAM修改\Update\gcamv8.2\cvs\objects\climate\source\ObjECTS_MAGICC_others.cpp(4590,26): warning C4244: “初始化”: 从“double”转换到“float”，可能丢失数据
C:\Users\10634\Desktop\919GCAM修改\Update\gcamv8.2\cvs\objects\climate\source\ObjECTS_MAGICC_others.cpp(4590,21): warning C4244: “初始化”: 从“double”转换到“const float”，可能丢失数据
C:\Users\10634\Desktop\919GCAM修改\Update\gcamv8.2\cvs\objects\climate\source\ObjECTS_MAGICC.cpp(1232,31): warning C4305: “=”: 从“double”到“float”截断
C:\Users\10634\Desktop\919GCAM修改\Update\gcamv8.2\cvs\objects\climate\source\ObjECTS_MAGICC_others.cpp(4592,27): warning C4244: “初始化”: 从“double”转换到“float”，可能丢失数据
C:\Users\10634\Desktop\919GCAM修改\Update\gcamv8.2\cvs\objects\climate\source\ObjECTS_MAGICC_others.cpp(4592,21): warning C4244: “初始化”: 从“double”转换到“const float”，可能丢失数据
C:\Users\10634\Desktop\919GCAM修改\Update\gcamv8.2\cvs\objects\climate\source\ObjECTS_MAGICC_others.cpp(4594,28): warning C4244: “初始化”: 从“double”转换到“float”，可能丢失数据
C:\Users\10634\Desktop\919GCAM修改\Update\gcamv8.2\cvs\objects\climate\source\ObjECTS_MAGICC_others.cpp(4594,21): warning C4244: “初始化”: 从“double”转换到“const float”，可能丢失数据
C:\Users\10634\Desktop\919GCAM修改\Update\gcamv8.2\cvs\objects\climate\source\ObjECTS_MAGICC_others.cpp(4596,28): warning C4244: “初始化”: 从“double”转换到“float”，可能丢失数据
C:\Users\10634\Desktop\919GCAM修改\Update\gcamv8.2\cvs\objects\climate\source\ObjECTS_MAGICC_others.cpp(4596,21): warning C4244: “初始化”: 从“double”转换到“const float”，可能丢失数据
C:\Users\10634\Desktop\919GCAM修改\Update\gcamv8.2\cvs\objects\climate\source\ObjECTS_MAGICC_others.cpp(4603,32): warning C4305: “初始化”: 从“double”到“float”截断
C:\Users\10634\Desktop\919GCAM修改\Update\gcamv8.2\cvs\objects\climate\source\ObjECTS_MAGICC_others.cpp(4606,27): warning C4244: “初始化”: 从“double”转换到“float”，可能丢失数据
C:\Users\10634\Desktop\919GCAM修改\Update\gcamv8.2\cvs\objects\climate\source\ObjECTS_MAGICC_others.cpp(4606,21): warning C4244: “初始化”: 从“double”转换到“const float”，可能丢失数据
C:\Users\10634\Desktop\919GCAM修改\Update\gcamv8.2\cvs\objects\climate\source\ObjECTS_MAGICC_others.cpp(4608,27): warning C4244: “初始化”: 从“double”转换到“float”，可能丢失数据
C:\Users\10634\Desktop\919GCAM修改\Update\gcamv8.2\cvs\objects\climate\source\ObjECTS_MAGICC_others.cpp(4608,21): warning C4244: “初始化”: 从“double”转换到“const float”，可能丢失数据
C:\Users\10634\Desktop\919GCAM修改\Update\gcamv8.2\cvs\objects\climate\source\ObjECTS_MAGICC.cpp(1233,33): warning C4305: “=”: 从“double”到“float”截断
C:\Users\10634\Desktop\919GCAM修改\Update\gcamv8.2\cvs\objects\climate\source\ObjECTS_MAGICC.cpp(1234,32): warning C4305: “=”: 从“double”到“float”截断
C:\Users\10634\Desktop\919GCAM修改\Update\gcamv8.2\cvs\objects\climate\source\ObjECTS_MAGICC.cpp(1288,16): warning C4244: “初始化”: 从“float”转换到“int”，可能丢失数据
C:\Users\10634\Desktop\919GCAM修改\Update\gcamv8.2\cvs\objects\climate\source\ObjECTS_MAGICC.cpp(1369,24): warning C4244: “=”: 从“double”转换到“float”，可能丢失数据
C:\Users\10634\Desktop\919GCAM修改\Update\gcamv8.2\cvs\objects\climate\source\ObjECTS_MAGICC.cpp(1371,24): warning C4244: “=”: 从“double”转换到“float”，可能丢失数据
C:\Users\10634\Desktop\919GCAM修改\Update\gcamv8.2\cvs\objects\climate\source\ObjECTS_MAGICC.cpp(1374,52): warning C4244: “=”: 从“double”转换到“float”，可能丢失数据
C:\Users\10634\Desktop\919GCAM修改\Update\gcamv8.2\cvs\objects\climate\source\ObjECTS_MAGICC_others.cpp(5071,75): warning C4244: “初始化”: 从“double”转换到“float”，可能丢失数据
C:\Users\10634\Desktop\919GCAM修改\Update\gcamv8.2\cvs\objects\climate\source\ObjECTS_MAGICC_others.cpp(5071,24): warning C4244: “初始化”: 从“double”转换到“const float”，可能丢失数据
C:\Users\10634\Desktop\919GCAM修改\Update\gcamv8.2\cvs\objects\climate\source\ObjECTS_MAGICC_others.cpp(5073,28): warning C4244: “初始化”: 从“double”转换到“float”，可能丢失数据
C:\Users\10634\Desktop\919GCAM修改\Update\gcamv8.2\cvs\objects\climate\source\ObjECTS_MAGICC_others.cpp(5075,69): warning C4244: “初始化”: 从“double”转换到“float”，可能丢失数据
C:\Users\10634\Desktop\919GCAM修改\Update\gcamv8.2\cvs\objects\climate\source\ObjECTS_MAGICC_others.cpp(5075,22): warning C4244: “初始化”: 从“double”转换到“const float”，可能丢失数据
C:\Users\10634\Desktop\919GCAM修改\Update\gcamv8.2\cvs\objects\climate\source\ObjECTS_MAGICC_others.cpp(5077,75): warning C4244: “初始化”: 从“double”转换到“float”，可能丢失数据
C:\Users\10634\Desktop\919GCAM修改\Update\gcamv8.2\cvs\objects\climate\source\ObjECTS_MAGICC.cpp(1413,42): warning C4244: “初始化”: 从“float”转换到“int”，可能丢失数据
C:\Users\10634\Desktop\919GCAM修改\Update\gcamv8.2\cvs\objects\climate\source\ObjECTS_MAGICC_others.cpp(5077,24): warning C4244: “初始化”: 从“double”转换到“const float”，可能丢失数据
C:\Users\10634\Desktop\919GCAM修改\Update\gcamv8.2\cvs\objects\climate\source\ObjECTS_MAGICC.cpp(1413,24): warning C4244: “初始化”: 从“float”转换到“const int”，可能丢失数据
C:\Users\10634\Desktop\919GCAM修改\Update\gcamv8.2\cvs\objects\climate\source\ObjECTS_MAGICC_others.cpp(5079,29): warning C4244: “初始化”: 从“double”转换到“float”，可能丢失数据
C:\Users\10634\Desktop\919GCAM修改\Update\gcamv8.2\cvs\objects\climate\source\ObjECTS_MAGICC.cpp(1457,33): warning C4244: “=”: 从“float”转换到“int”，可能丢失数据
C:\Users\10634\Desktop\919GCAM修改\Update\gcamv8.2\cvs\objects\climate\source\ObjECTS_MAGICC.cpp(1625,21): warning C4244: “初始化”: 从“float”转换到“int”，可能丢失数据
C:\Users\10634\Desktop\919GCAM修改\Update\gcamv8.2\cvs\objects\climate\source\ObjECTS_MAGICC.cpp(1626,44): warning C4244: “初始化”: 从“float”转换到“int”，可能丢失数据
C:\Users\10634\Desktop\919GCAM修改\Update\gcamv8.2\cvs\objects\climate\source\ObjECTS_MAGICC.cpp(1626,26): warning C4244: “初始化”: 从“float”转换到“const int”，可能丢失数据
C:\Users\10634\Desktop\919GCAM修改\Update\gcamv8.2\cvs\objects\climate\source\ObjECTS_MAGICC_others.cpp(5081,78): warning C4244: “初始化”: 从“double”转换到“float”，可能丢失数据
C:\Users\10634\Desktop\919GCAM修改\Update\gcamv8.2\cvs\objects\climate\source\ObjECTS_MAGICC_others.cpp(5081,25): warning C4244: “初始化”: 从“double”转换到“const float”，可能丢失数据
C:\Users\10634\Desktop\919GCAM修改\Update\gcamv8.2\cvs\objects\climate\source\ObjECTS_MAGICC_others.cpp(5090,85): warning C4244: “=”: 从“double”转换到“float”，可能丢失数据
C:\Users\10634\Desktop\919GCAM修改\Update\gcamv8.2\cvs\objects\climate\source\ObjECTS_MAGICC_others.cpp(5092,85): warning C4244: “=”: 从“double”转换到“float”，可能丢失数据
C:\Users\10634\Desktop\919GCAM修改\Update\gcamv8.2\cvs\objects\climate\source\ObjECTS_MAGICC_others.cpp(5098,78): warning C4244: “初始化”: 从“double”转换到“float”，可能丢失数据
C:\Users\10634\Desktop\919GCAM修改\Update\gcamv8.2\cvs\objects\climate\source\ObjECTS_MAGICC_others.cpp(5098,25): warning C4244: “初始化”: 从“double”转换到“const float”，可能丢失数据
C:\Users\10634\Desktop\919GCAM修改\Update\gcamv8.2\cvs\objects\climate\source\ObjECTS_MAGICC_others.cpp(5113,74): warning C4244: “初始化”: 从“double”转换到“float”，可能丢失数据
C:\Users\10634\Desktop\919GCAM修改\Update\gcamv8.2\cvs\objects\climate\source\ObjECTS_MAGICC_others.cpp(5113,23): warning C4244: “初始化”: 从“double”转换到“const float”，可能丢失数据
C:\Users\10634\Desktop\919GCAM修改\Update\gcamv8.2\cvs\objects\climate\source\ObjECTS_MAGICC_others.cpp(5117,20): warning C4244: “初始化”: 从“double”转换到“float”，可能丢失数据
C:\Users\10634\Desktop\919GCAM修改\Update\gcamv8.2\cvs\objects\climate\source\ObjECTS_MAGICC_others.cpp(5126,80): warning C4244: “初始化”: 从“double”转换到“float”，可能丢失数据
C:\Users\10634\Desktop\919GCAM修改\Update\gcamv8.2\cvs\objects\climate\source\ObjECTS_MAGICC_others.cpp(5126,25): warning C4244: “初始化”: 从“double”转换到“const float”，可能丢失数据
C:\Users\10634\Desktop\919GCAM修改\Update\gcamv8.2\cvs\objects\climate\source\ObjECTS_MAGICC_others.cpp(5128,77): warning C4244: “初始化”: 从“double”转换到“float”，可能丢失数据
C:\Users\10634\Desktop\919GCAM修改\Update\gcamv8.2\cvs\objects\climate\source\ObjECTS_MAGICC_others.cpp(5128,24): warning C4244: “初始化”: 从“double”转换到“const float”，可能丢失数据
C:\Users\10634\Desktop\919GCAM修改\Update\gcamv8.2\cvs\objects\climate\source\ObjECTS_MAGICC_others.cpp(5134,80): warning C4244: “初始化”: 从“double”转换到“float”，可能丢失数据
C:\Users\10634\Desktop\919GCAM修改\Update\gcamv8.2\cvs\objects\climate\source\ObjECTS_MAGICC_others.cpp(5134,25): warning C4244: “初始化”: 从“double”转换到“const float”，可能丢失数据
C:\Users\10634\Desktop\919GCAM修改\Update\gcamv8.2\cvs\objects\climate\source\ObjECTS_MAGICC_others.cpp(5143,20): warning C4244: “初始化”: 从“double”转换到“float”，可能丢失数据
C:\Users\10634\Desktop\919GCAM修改\Update\gcamv8.2\cvs\objects\climate\source\ObjECTS_MAGICC_others.cpp(5150,78): warning C4244: “初始化”: 从“double”转换到“float”，可能丢失数据
C:\Users\10634\Desktop\919GCAM修改\Update\gcamv8.2\cvs\objects\climate\source\ObjECTS_MAGICC_others.cpp(5150,25): warning C4244: “初始化”: 从“double”转换到“const float”，可能丢失数据
C:\Users\10634\Desktop\919GCAM修改\Update\gcamv8.2\cvs\objects\climate\source\ObjECTS_MAGICC_others.cpp(5152,81): warning C4244: “初始化”: 从“double”转换到“float”，可能丢失数据
C:\Users\10634\Desktop\919GCAM修改\Update\gcamv8.2\cvs\objects\climate\source\ObjECTS_MAGICC.cpp(1687,14): warning C4244: “初始化”: 从“float”转换到“int”，可能丢失数据
C:\Users\10634\Desktop\919GCAM修改\Update\gcamv8.2\cvs\objects\climate\source\ObjECTS_MAGICC.cpp(1719,38): warning C4244: “=”: 从“float”转换到“int”，可能丢失数据
C:\Users\10634\Desktop\919GCAM修改\Update\gcamv8.2\cvs\objects\climate\source\ObjECTS_MAGICC_others.cpp(5152,26): warning C4244: “初始化”: 从“double”转换到“const float”，可能丢失数据
C:\Users\10634\Desktop\919GCAM修改\Update\gcamv8.2\cvs\objects\climate\source\ObjECTS_MAGICC.cpp(1748,38): warning C4244: “=”: 从“float”转换到“int”，可能丢失数据
C:\Users\10634\Desktop\919GCAM修改\Update\gcamv8.2\cvs\objects\climate\source\ObjECTS_MAGICC.cpp(1810,62): warning C4244: “=”: 从“double”转换到“float”，可能丢失数据
C:\Users\10634\Desktop\919GCAM修改\Update\gcamv8.2\cvs\objects\climate\source\ObjECTS_MAGICC.cpp(1824,62): warning C4244: “=”: 从“double”转换到“float”，可能丢失数据
C:\Users\10634\Desktop\919GCAM修改\Update\gcamv8.2\cvs\objects\climate\source\ObjECTS_MAGICC.cpp(1856,29): warning C4244: “=”: 从“int”转换到“float”，可能丢失数据
C:\Users\10634\Desktop\919GCAM修改\Update\gcamv8.2\cvs\objects\climate\source\ObjECTS_MAGICC_others.cpp(5157,89): warning C4244: “初始化”: 从“double”转换到“float”，可能丢失数据
C:\Users\10634\Desktop\919GCAM修改\Update\gcamv8.2\cvs\objects\climate\source\ObjECTS_MAGICC_others.cpp(5157,32): warning C4244: “初始化”: 从“double”转换到“const float”，可能丢失数据
C:\Users\10634\Desktop\919GCAM修改\Update\gcamv8.2\cvs\objects\climate\source\ObjECTS_MAGICC_others.cpp(5160,72): warning C4244: “初始化”: 从“double”转换到“float”，可能丢失数据
C:\Users\10634\Desktop\919GCAM修改\Update\gcamv8.2\cvs\objects\climate\source\ObjECTS_MAGICC_others.cpp(5160,23): warning C4244: “初始化”: 从“double”转换到“const float”，可能丢失数据
C:\Users\10634\Desktop\919GCAM修改\Update\gcamv8.2\cvs\objects\climate\source\ObjECTS_MAGICC_others.cpp(5162,72): warning C4244: “初始化”: 从“double”转换到“float”，可能丢失数据
C:\Users\10634\Desktop\919GCAM修改\Update\gcamv8.2\cvs\objects\climate\source\ObjECTS_MAGICC_others.cpp(5162,23): warning C4244: “初始化”: 从“double”转换到“const float”，可能丢失数据
C:\Users\10634\Desktop\919GCAM修改\Update\gcamv8.2\cvs\objects\climate\source\ObjECTS_MAGICC_others.cpp(5178,99): warning C4244: “=”: 从“double”转换到“float”，可能丢失数据
C:\Users\10634\Desktop\919GCAM修改\Update\gcamv8.2\cvs\objects\climate\source\ObjECTS_MAGICC_others.cpp(5182,88): warning C4244: “=”: 从“double”转换到“float”，可能丢失数据
C:\Users\10634\Desktop\919GCAM修改\Update\gcamv8.2\cvs\objects\climate\source\ObjECTS_MAGICC_others.cpp(5184,86): warning C4244: “=”: 从“double”转换到“float”，可能丢失数据
C:\Users\10634\Desktop\919GCAM修改\Update\gcamv8.2\cvs\objects\climate\source\ObjECTS_MAGICC_others.cpp(5186,88): warning C4244: “=”: 从“double”转换到“float”，可能丢失数据
C:\Users\10634\Desktop\919GCAM修改\Update\gcamv8.2\cvs\objects\climate\source\ObjECTS_MAGICC_others.cpp(5188,88): warning C4244: “=”: 从“double”转换到“float”，可能丢失数据
C:\Users\10634\Desktop\919GCAM修改\Update\gcamv8.2\cvs\objects\climate\source\ObjECTS_MAGICC_others.cpp(5190,86): warning C4244: “=”: 从“double”转换到“float”，可能丢失数据
C:\Users\10634\Desktop\919GCAM修改\Update\gcamv8.2\cvs\objects\climate\source\ObjECTS_MAGICC_others.cpp(5192,86): warning C4244: “=”: 从“double”转换到“float”，可能丢失数据
C:\Users\10634\Desktop\919GCAM修改\Update\gcamv8.2\cvs\objects\climate\source\ObjECTS_MAGICC_others.cpp(5194,87): warning C4244: “=”: 从“double”转换到“float”，可能丢失数据
C:\Users\10634\Desktop\919GCAM修改\Update\gcamv8.2\cvs\objects\climate\source\ObjECTS_MAGICC.cpp(2109,70): warning C4244: “参数”: 从“double”转换到“float”，可能丢失数据
C:\Users\10634\Desktop\919GCAM修改\Update\gcamv8.2\cvs\objects\climate\source\ObjECTS_MAGICC_others.cpp(5196,87): warning C4244: “=”: 从“double”转换到“float”，可能丢失数据
C:\Users\10634\Desktop\919GCAM修改\Update\gcamv8.2\cvs\objects\climate\source\ObjECTS_MAGICC.cpp(2111,66): warning C4244: “参数”: 从“double”转换到“float”，可能丢失数据
C:\Users\10634\Desktop\919GCAM修改\Update\gcamv8.2\cvs\objects\climate\source\ObjECTS_MAGICC.cpp(2113,66): warning C4244: “参数”: 从“double”转换到“float”，可能丢失数据
C:\Users\10634\Desktop\919GCAM修改\Update\gcamv8.2\cvs\objects\climate\source\ObjECTS_MAGICC_others.cpp(5216,83): warning C4244: “=”: 从“double”转换到“float”，可能丢失数据
C:\Users\10634\Desktop\919GCAM修改\Update\gcamv8.2\cvs\objects\climate\source\ObjECTS_MAGICC.cpp(2115,66): warning C4244: “参数”: 从“double”转换到“float”，可能丢失数据
C:\Users\10634\Desktop\919GCAM修改\Update\gcamv8.2\cvs\objects\climate\source\ObjECTS_MAGICC.cpp(2140,30): warning C4244: “初始化”: 从“double”转换到“float”，可能丢失数据
C:\Users\10634\Desktop\919GCAM修改\Update\gcamv8.2\cvs\objects\climate\source\ObjECTS_MAGICC.cpp(2140,22): warning C4244: “初始化”: 从“double”转换到“const float”，可能丢失数据
  info_factory.cpp
C:\Users\10634\Desktop\919GCAM修改\Update\gcamv8.2\cvs\objects\climate\source\ObjECTS_MAGICC_others.cpp(5272,43): warning C4244: “初始化”: 从“float”转换到“int”，可能丢失数据
C:\Users\10634\Desktop\919GCAM修改\Update\gcamv8.2\cvs\objects\climate\source\ObjECTS_MAGICC_others.cpp(5272,20): warning C4244: “初始化”: 从“float”转换到“const int”，可能丢失数据
C:\Users\10634\Desktop\919GCAM修改\Update\gcamv8.2\cvs\objects\climate\source\ObjECTS_MAGICC.cpp(2577,34): warning C4305: “=”: 从“double”到“float”截断
C:\Users\10634\Desktop\919GCAM修改\Update\gcamv8.2\cvs\objects\climate\source\ObjECTS_MAGICC.cpp(2719,61): warning C4244: “=”: 从“double”转换到“float”，可能丢失数据
C:\Users\10634\Desktop\919GCAM修改\Update\gcamv8.2\cvs\objects\climate\source\ObjECTS_MAGICC.cpp(2747,38): warning C4305: “=”: 从“double”到“float”截断
C:\Users\10634\Desktop\919GCAM修改\Update\gcamv8.2\cvs\objects\climate\source\ObjECTS_MAGICC.cpp(2849,32): warning C4244: “初始化”: 从“double”转换到“float”，可能丢失数据
C:\Users\10634\Desktop\919GCAM修改\Update\gcamv8.2\cvs\objects\climate\source\ObjECTS_MAGICC.cpp(3045,73): warning C4244: “初始化”: 从“double”转换到“float”，可能丢失数据
C:\Users\10634\Desktop\919GCAM修改\Update\gcamv8.2\cvs\objects\climate\source\ObjECTS_MAGICC.cpp(3045,29): warning C4244: “初始化”: 从“double”转换到“const float”，可能丢失数据
C:\Users\10634\Desktop\919GCAM修改\Update\gcamv8.2\cvs\objects\climate\source\ObjECTS_MAGICC.cpp(3047,67): warning C4244: “初始化”: 从“double”转换到“float”，可能丢失数据
C:\Users\10634\Desktop\919GCAM修改\Update\gcamv8.2\cvs\objects\climate\source\ObjECTS_MAGICC.cpp(3047,27): warning C4244: “初始化”: 从“double”转换到“const float”，可能丢失数据
C:\Users\10634\Desktop\919GCAM修改\Update\gcamv8.2\cvs\objects\climate\source\ObjECTS_MAGICC.cpp(3049,67): warning C4244: “初始化”: 从“double”转换到“float”，可能丢失数据
C:\Users\10634\Desktop\919GCAM修改\Update\gcamv8.2\cvs\objects\climate\source\ObjECTS_MAGICC.cpp(3049,27): warning C4244: “初始化”: 从“double”转换到“const float”，可能丢失数据
C:\Users\10634\Desktop\919GCAM修改\Update\gcamv8.2\cvs\objects\climate\source\ObjECTS_MAGICC.cpp(3051,73): warning C4244: “初始化”: 从“double”转换到“float”，可能丢失数据
C:\Users\10634\Desktop\919GCAM修改\Update\gcamv8.2\cvs\objects\climate\source\ObjECTS_MAGICC.cpp(3051,29): warning C4244: “初始化”: 从“double”转换到“const float”，可能丢失数据
C:\Users\10634\Desktop\919GCAM修改\Update\gcamv8.2\cvs\objects\climate\source\ObjECTS_MAGICC.cpp(3053,91): warning C4244: “初始化”: 从“double”转换到“float”，可能丢失数据
C:\Users\10634\Desktop\919GCAM修改\Update\gcamv8.2\cvs\objects\climate\source\ObjECTS_MAGICC.cpp(3053,29): warning C4244: “初始化”: 从“double”转换到“const float”，可能丢失数据
C:\Users\10634\Desktop\919GCAM修改\Update\gcamv8.2\cvs\objects\climate\source\ObjECTS_MAGICC.cpp(3055,91): warning C4244: “初始化”: 从“double”转换到“float”，可能丢失数据
C:\Users\10634\Desktop\919GCAM修改\Update\gcamv8.2\cvs\objects\climate\source\ObjECTS_MAGICC.cpp(3055,29): warning C4244: “初始化”: 从“double”转换到“const float”，可能丢失数据
C:\Users\10634\Desktop\919GCAM修改\Update\gcamv8.2\cvs\objects\climate\source\ObjECTS_MAGICC.cpp(3057,75): warning C4244: “初始化”: 从“double”转换到“float”，可能丢失数据
C:\Users\10634\Desktop\919GCAM修改\Update\gcamv8.2\cvs\objects\climate\source\ObjECTS_MAGICC.cpp(3057,29): warning C4244: “初始化”: 从“double”转换到“const float”，可能丢失数据
C:\Users\10634\Desktop\919GCAM修改\Update\gcamv8.2\cvs\objects\climate\source\ObjECTS_MAGICC.cpp(3059,72): warning C4244: “初始化”: 从“double”转换到“float”，可能丢失数据
C:\Users\10634\Desktop\919GCAM修改\Update\gcamv8.2\cvs\objects\climate\source\ObjECTS_MAGICC.cpp(3059,28): warning C4244: “初始化”: 从“double”转换到“const float”，可能丢失数据
C:\Users\10634\Desktop\919GCAM修改\Update\gcamv8.2\cvs\objects\climate\source\ObjECTS_MAGICC.cpp(3064,22): warning C4244: “初始化”: 从“double”转换到“float”，可能丢失数据
C:\Users\10634\Desktop\919GCAM修改\Update\gcamv8.2\cvs\objects\climate\source\ObjECTS_MAGICC.cpp(3069,78): warning C4244: “初始化”: 从“double”转换到“float”，可能丢失数据
C:\Users\10634\Desktop\919GCAM修改\Update\gcamv8.2\cvs\objects\climate\source\ObjECTS_MAGICC.cpp(3069,30): warning C4244: “初始化”: 从“double”转换到“const float”，可能丢失数据
C:\Users\10634\Desktop\919GCAM修改\Update\gcamv8.2\cvs\objects\climate\source\ObjECTS_MAGICC.cpp(3071,75): warning C4244: “初始化”: 从“double”转换到“float”，可能丢失数据
C:\Users\10634\Desktop\919GCAM修改\Update\gcamv8.2\cvs\objects\climate\source\ObjECTS_MAGICC.cpp(3071,29): warning C4244: “初始化”: 从“double”转换到“const float”，可能丢失数据
C:\Users\10634\Desktop\919GCAM修改\Update\gcamv8.2\cvs\objects\climate\source\ObjECTS_MAGICC.cpp(3073,77): warning C4244: “初始化”: 从“double”转换到“float”，可能丢失数据
C:\Users\10634\Desktop\919GCAM修改\Update\gcamv8.2\cvs\objects\climate\source\ObjECTS_MAGICC.cpp(3073,29): warning C4244: “初始化”: 从“double”转换到“const float”，可能丢失数据
C:\Users\10634\Desktop\919GCAM修改\Update\gcamv8.2\cvs\objects\climate\source\ObjECTS_MAGICC.cpp(3075,82): warning C4244: “初始化”: 从“double”转换到“float”，可能丢失数据
C:\Users\10634\Desktop\919GCAM修改\Update\gcamv8.2\cvs\objects\climate\source\ObjECTS_MAGICC.cpp(3075,30): warning C4244: “初始化”: 从“double”转换到“const float”，可能丢失数据
C:\Users\10634\Desktop\919GCAM修改\Update\gcamv8.2\cvs\objects\climate\source\ObjECTS_MAGICC.cpp(3077,80): warning C4244: “初始化”: 从“double”转换到“float”，可能丢失数据
C:\Users\10634\Desktop\919GCAM修改\Update\gcamv8.2\cvs\objects\climate\source\ObjECTS_MAGICC.cpp(3077,30): warning C4244: “初始化”: 从“double”转换到“const float”，可能丢失数据
C:\Users\10634\Desktop\919GCAM修改\Update\gcamv8.2\cvs\objects\climate\source\ObjECTS_MAGICC.cpp(3079,75): warning C4244: “初始化”: 从“double”转换到“float”，可能丢失数据
C:\Users\10634\Desktop\919GCAM修改\Update\gcamv8.2\cvs\objects\climate\source\ObjECTS_MAGICC.cpp(3079,29): warning C4244: “初始化”: 从“double”转换到“const float”，可能丢失数据
C:\Users\10634\Desktop\919GCAM修改\Update\gcamv8.2\cvs\objects\climate\source\ObjECTS_MAGICC.cpp(3081,78): warning C4244: “初始化”: 从“double”转换到“float”，可能丢失数据
C:\Users\10634\Desktop\919GCAM修改\Update\gcamv8.2\cvs\objects\climate\source\ObjECTS_MAGICC.cpp(3081,30): warning C4244: “初始化”: 从“double”转换到“const float”，可能丢失数据
C:\Users\10634\Desktop\919GCAM修改\Update\gcamv8.2\cvs\objects\climate\source\ObjECTS_MAGICC.cpp(3084,70): warning C4244: “初始化”: 从“double”转换到“float”，可能丢失数据
C:\Users\10634\Desktop\919GCAM修改\Update\gcamv8.2\cvs\objects\climate\source\ObjECTS_MAGICC.cpp(3084,28): warning C4244: “初始化”: 从“double”转换到“const float”，可能丢失数据
C:\Users\10634\Desktop\919GCAM修改\Update\gcamv8.2\cvs\objects\climate\source\ObjECTS_MAGICC.cpp(3085,70): warning C4244: “初始化”: 从“double”转换到“float”，可能丢失数据
C:\Users\10634\Desktop\919GCAM修改\Update\gcamv8.2\cvs\objects\climate\source\ObjECTS_MAGICC.cpp(3085,28): warning C4244: “初始化”: 从“double”转换到“const float”，可能丢失数据
C:\Users\10634\Desktop\919GCAM修改\Update\gcamv8.2\cvs\objects\climate\source\ObjECTS_MAGICC.cpp(3190,126): warning C4244: “=”: 从“double”转换到“float”，可能丢失数据
C:\Users\10634\Desktop\919GCAM修改\Update\gcamv8.2\cvs\objects\climate\source\ObjECTS_MAGICC.cpp(3216,44): warning C4244: “参数”: 从“double”转换到“float”，可能丢失数据
C:\Users\10634\Desktop\919GCAM修改\Update\gcamv8.2\cvs\objects\climate\source\ObjECTS_MAGICC.cpp(3225,88): warning C4305: “参数”: 从“double”到“float”截断
C:\Users\10634\Desktop\919GCAM修改\Update\gcamv8.2\cvs\objects\climate\source\ObjECTS_MAGICC.cpp(3227,90): warning C4305: “参数”: 从“double”到“float”截断
C:\Users\10634\Desktop\919GCAM修改\Update\gcamv8.2\cvs\objects\climate\source\ObjECTS_MAGICC.cpp(3270,45): warning C4244: “=”: 从“double”转换到“float”，可能丢失数据
C:\Users\10634\Desktop\919GCAM修改\Update\gcamv8.2\cvs\objects\climate\source\ObjECTS_MAGICC.cpp(3282,30): warning C4244: “初始化”: 从“double”转换到“float”，可能丢失数据
C:\Users\10634\Desktop\919GCAM修改\Update\gcamv8.2\cvs\objects\climate\source\ObjECTS_MAGICC.cpp(3284,30): warning C4244: “初始化”: 从“double”转换到“float”，可能丢失数据
C:\Users\10634\Desktop\919GCAM修改\Update\gcamv8.2\cvs\objects\climate\source\ObjECTS_MAGICC.cpp(3286,31): warning C4244: “初始化”: 从“double”转换到“float”，可能丢失数据
C:\Users\10634\Desktop\919GCAM修改\Update\gcamv8.2\cvs\objects\climate\source\ObjECTS_MAGICC.cpp(3292,35): warning C4244: “初始化”: 从“double”转换到“float”，可能丢失数据
C:\Users\10634\Desktop\919GCAM修改\Update\gcamv8.2\cvs\objects\climate\source\ObjECTS_MAGICC.cpp(3294,35): warning C4244: “初始化”: 从“double”转换到“float”，可能丢失数据
C:\Users\10634\Desktop\919GCAM修改\Update\gcamv8.2\cvs\objects\climate\source\ObjECTS_MAGICC.cpp(3296,35): warning C4244: “初始化”: 从“double”转换到“float”，可能丢失数据
C:\Users\10634\Desktop\919GCAM修改\Update\gcamv8.2\cvs\objects\climate\source\ObjECTS_MAGICC.cpp(3299,35): warning C4244: “初始化”: 从“double”转换到“float”，可能丢失数据
C:\Users\10634\Desktop\919GCAM修改\Update\gcamv8.2\cvs\objects\climate\source\ObjECTS_MAGICC.cpp(3301,35): warning C4244: “初始化”: 从“double”转换到“float”，可能丢失数据
C:\Users\10634\Desktop\919GCAM修改\Update\gcamv8.2\cvs\objects\climate\source\ObjECTS_MAGICC.cpp(3303,35): warning C4244: “初始化”: 从“double”转换到“float”，可能丢失数据
C:\Users\10634\Desktop\919GCAM修改\Update\gcamv8.2\cvs\objects\climate\source\ObjECTS_MAGICC.cpp(3435,31): warning C4244: “初始化”: 从“double”转换到“float”，可能丢失数据
C:\Users\10634\Desktop\919GCAM修改\Update\gcamv8.2\cvs\objects\climate\source\ObjECTS_MAGICC.cpp(3437,29): warning C4244: “初始化”: 从“double”转换到“float”，可能丢失数据
C:\Users\10634\Desktop\919GCAM修改\Update\gcamv8.2\cvs\objects\climate\source\ObjECTS_MAGICC.cpp(3439,29): warning C4244: “初始化”: 从“double”转换到“float”，可能丢失数据
C:\Users\10634\Desktop\919GCAM修改\Update\gcamv8.2\cvs\objects\climate\source\ObjECTS_MAGICC.cpp(3441,31): warning C4244: “初始化”: 从“double”转换到“float”，可能丢失数据
C:\Users\10634\Desktop\919GCAM修改\Update\gcamv8.2\cvs\objects\climate\source\ObjECTS_MAGICC.cpp(3446,31): warning C4244: “初始化”: 从“double”转换到“float”，可能丢失数据
C:\Users\10634\Desktop\919GCAM修改\Update\gcamv8.2\cvs\objects\climate\source\ObjECTS_MAGICC.cpp(3448,31): warning C4244: “初始化”: 从“double”转换到“float”，可能丢失数据
C:\Users\10634\Desktop\919GCAM修改\Update\gcamv8.2\cvs\objects\climate\source\ObjECTS_MAGICC.cpp(3452,31): warning C4244: “初始化”: 从“double”转换到“float”，可能丢失数据
C:\Users\10634\Desktop\919GCAM修改\Update\gcamv8.2\cvs\objects\climate\source\ObjECTS_MAGICC.cpp(3456,30): warning C4244: “初始化”: 从“double”转换到“float”，可能丢失数据
C:\Users\10634\Desktop\919GCAM修改\Update\gcamv8.2\cvs\objects\climate\source\ObjECTS_MAGICC.cpp(3468,73): warning C4244: “=”: 从“double”转换到“float”，可能丢失数据
C:\Users\10634\Desktop\919GCAM修改\Update\gcamv8.2\cvs\objects\climate\source\ObjECTS_MAGICC.cpp(3475,32): warning C4244: “初始化”: 从“double”转换到“float”，可能丢失数据
C:\Users\10634\Desktop\919GCAM修改\Update\gcamv8.2\cvs\objects\climate\source\ObjECTS_MAGICC.cpp(3477,31): warning C4244: “初始化”: 从“double”转换到“float”，可能丢失数据
C:\Users\10634\Desktop\919GCAM修改\Update\gcamv8.2\cvs\objects\climate\source\ObjECTS_MAGICC.cpp(3483,31): warning C4244: “初始化”: 从“double”转换到“float”，可能丢失数据
C:\Users\10634\Desktop\919GCAM修改\Update\gcamv8.2\cvs\objects\climate\source\ObjECTS_MAGICC.cpp(3490,32): warning C4244: “初始化”: 从“double”转换到“float”，可能丢失数据
C:\Users\10634\Desktop\919GCAM修改\Update\gcamv8.2\cvs\objects\climate\source\ObjECTS_MAGICC.cpp(3494,32): warning C4244: “初始化”: 从“double”转换到“float”，可能丢失数据
C:\Users\10634\Desktop\919GCAM修改\Update\gcamv8.2\cvs\objects\climate\source\ObjECTS_MAGICC.cpp(3496,31): warning C4244: “初始化”: 从“double”转换到“float”，可能丢失数据
C:\Users\10634\Desktop\919GCAM修改\Update\gcamv8.2\cvs\objects\climate\source\ObjECTS_MAGICC.cpp(3498,32): warning C4244: “初始化”: 从“double”转换到“float”，可能丢失数据
C:\Users\10634\Desktop\919GCAM修改\Update\gcamv8.2\cvs\objects\climate\source\ObjECTS_MAGICC.cpp(3503,30): warning C4244: “初始化”: 从“double”转换到“float”，可能丢失数据
C:\Users\10634\Desktop\919GCAM修改\Update\gcamv8.2\cvs\objects\climate\source\ObjECTS_MAGICC.cpp(3504,30): warning C4244: “初始化”: 从“double”转换到“float”，可能丢失数据
C:\Users\10634\Desktop\919GCAM修改\Update\gcamv8.2\cvs\objects\climate\source\ObjECTS_MAGICC.cpp(3523,35): warning C4305: “初始化”: 从“double”到“float”截断
C:\Users\10634\Desktop\919GCAM修改\Update\gcamv8.2\cvs\objects\climate\source\ObjECTS_MAGICC.cpp(3525,35): warning C4305: “初始化”: 从“double”到“float”截断
C:\Users\10634\Desktop\919GCAM修改\Update\gcamv8.2\cvs\objects\climate\source\ObjECTS_MAGICC.cpp(3533,32): warning C4244: “初始化”: 从“double”转换到“float”，可能丢失数据
C:\Users\10634\Desktop\919GCAM修改\Update\gcamv8.2\cvs\objects\climate\source\ObjECTS_MAGICC.cpp(3535,40): warning C4244: “=”: 从“double”转换到“float”，可能丢失数据
C:\Users\10634\Desktop\919GCAM修改\Update\gcamv8.2\cvs\objects\climate\source\ObjECTS_MAGICC.cpp(3537,81): warning C4244: “=”: 从“double”转换到“float”，可能丢失数据
C:\Users\10634\Desktop\919GCAM修改\Update\gcamv8.2\cvs\objects\climate\source\ObjECTS_MAGICC.cpp(3539,30): warning C4244: “初始化”: 从“double”转换到“float”，可能丢失数据
C:\Program Files (x86)\Microsoft Visual Studio\2019\Community\VC\Tools\MSVC\14.29.30133\include\xutility(4484,24): warning C4244: “=”: 从“const _Ty with [_Ty=double]”转换到“float”，可能丢失数据 (编译源文件 ..\..\climate\source\ObjECTS_MAGICC_others.cpp)C:\Users\10634\Desktop\919GCAM修改\Update\gcamv8.2\cvs\objects\climate\source\ObjECTS_MAGICC_others.cpp(313): note: 查看对正在编译的函数 模板 实例化“void std::fill<float*,double>(const _FwdIt,const _FwdIt,const _Ty &) with [_FwdIt=float *, _Ty=double]”的引用
C:\Users\10634\Desktop\919GCAM修改\Update\gcamv8.2\cvs\objects\climate\source\ObjECTS_MAGICC.cpp(3584,91): warning C4244: “=”: 从“double”转换到“float”，可能丢失数据
C:\Users\10634\Desktop\919GCAM修改\Update\gcamv8.2\cvs\objects\climate\source\ObjECTS_MAGICC.cpp(3586,91): warning C4244: “=”: 从“double”转换到“float”，可能丢失数据
C:\Users\10634\Desktop\919GCAM修改\Update\gcamv8.2\cvs\objects\climate\source\ObjECTS_MAGICC.cpp(3593,30): warning C4244: “初始化”: 从“double”转换到“float”，可能丢失数据
C:\Users\10634\Desktop\919GCAM修改\Update\gcamv8.2\cvs\objects\climate\source\ObjECTS_MAGICC.cpp(3595,28): warning C4244: “初始化”: 从“double”转换到“float”，可能丢失数据
C:\Users\10634\Desktop\919GCAM修改\Update\gcamv8.2\cvs\objects\climate\source\ObjECTS_MAGICC.cpp(3597,28): warning C4244: “初始化”: 从“double”转换到“float”，可能丢失数据
C:\Users\10634\Desktop\919GCAM修改\Update\gcamv8.2\cvs\objects\climate\source\ObjECTS_MAGICC.cpp(3599,30): warning C4244: “初始化”: 从“double”转换到“float”，可能丢失数据
C:\Users\10634\Desktop\919GCAM修改\Update\gcamv8.2\cvs\objects\climate\source\ObjECTS_MAGICC.cpp(3601,29): warning C4244: “初始化”: 从“double”转换到“float”，可能丢失数据
C:\Users\10634\Desktop\919GCAM修改\Update\gcamv8.2\cvs\objects\climate\source\ObjECTS_MAGICC.cpp(3603,30): warning C4244: “初始化”: 从“double”转换到“float”，可能丢失数据
C:\Users\10634\Desktop\919GCAM修改\Update\gcamv8.2\cvs\objects\climate\source\ObjECTS_MAGICC.cpp(3605,29): warning C4244: “初始化”: 从“double”转换到“float”，可能丢失数据
C:\Users\10634\Desktop\919GCAM修改\Update\gcamv8.2\cvs\objects\climate\source\ObjECTS_MAGICC.cpp(3613,31): warning C4244: “初始化”: 从“double”转换到“float”，可能丢失数据
C:\Users\10634\Desktop\919GCAM修改\Update\gcamv8.2\cvs\objects\climate\source\ObjECTS_MAGICC.cpp(3615,30): warning C4244: “初始化”: 从“double”转换到“float”，可能丢失数据
C:\Users\10634\Desktop\919GCAM修改\Update\gcamv8.2\cvs\objects\climate\source\ObjECTS_MAGICC.cpp(3621,31): warning C4244: “初始化”: 从“double”转换到“float”，可能丢失数据
C:\Users\10634\Desktop\919GCAM修改\Update\gcamv8.2\cvs\objects\climate\source\ObjECTS_MAGICC.cpp(3630,32): warning C4244: “初始化”: 从“double”转换到“float”，可能丢失数据
C:\Users\10634\Desktop\919GCAM修改\Update\gcamv8.2\cvs\objects\climate\source\ObjECTS_MAGICC.cpp(3634,32): warning C4244: “初始化”: 从“double”转换到“float”，可能丢失数据
C:\Users\10634\Desktop\919GCAM修改\Update\gcamv8.2\cvs\objects\climate\source\ObjECTS_MAGICC.cpp(3636,31): warning C4244: “初始化”: 从“double”转换到“float”，可能丢失数据
C:\Users\10634\Desktop\919GCAM修改\Update\gcamv8.2\cvs\objects\climate\source\ObjECTS_MAGICC.cpp(3638,32): warning C4244: “初始化”: 从“double”转换到“float”，可能丢失数据
C:\Users\10634\Desktop\919GCAM修改\Update\gcamv8.2\cvs\objects\climate\source\ObjECTS_MAGICC.cpp(3645,32): warning C4244: “初始化”: 从“double”转换到“float”，可能丢失数据
C:\Users\10634\Desktop\919GCAM修改\Update\gcamv8.2\cvs\objects\climate\source\ObjECTS_MAGICC.cpp(3648,29): warning C4244: “初始化”: 从“double”转换到“float”，可能丢失数据
C:\Users\10634\Desktop\919GCAM修改\Update\gcamv8.2\cvs\objects\climate\source\ObjECTS_MAGICC.cpp(3650,29): warning C4244: “初始化”: 从“double”转换到“float”，可能丢失数据
C:\Users\10634\Desktop\919GCAM修改\Update\gcamv8.2\cvs\objects\climate\source\ObjECTS_MAGICC.cpp(3973,30): warning C4244: “初始化”: 从“double”转换到“float”，可能丢失数据
C:\Users\10634\Desktop\919GCAM修改\Update\gcamv8.2\cvs\objects\climate\source\ObjECTS_MAGICC.cpp(3975,30): warning C4244: “初始化”: 从“double”转换到“float”，可能丢失数据
C:\Users\10634\Desktop\919GCAM修改\Update\gcamv8.2\cvs\objects\climate\source\ObjECTS_MAGICC.cpp(3977,31): warning C4244: “初始化”: 从“double”转换到“float”，可能丢失数据
C:\Users\10634\Desktop\919GCAM修改\Update\gcamv8.2\cvs\objects\climate\source\ObjECTS_MAGICC.cpp(3987,85): warning C4244: “=”: 从“double”转换到“float”，可能丢失数据
C:\Users\10634\Desktop\919GCAM修改\Update\gcamv8.2\cvs\objects\climate\source\ObjECTS_MAGICC.cpp(3989,85): warning C4244: “=”: 从“double”转换到“float”，可能丢失数据
C:\Users\10634\Desktop\919GCAM修改\Update\gcamv8.2\cvs\objects\climate\source\ObjECTS_MAGICC.cpp(3991,85): warning C4244: “=”: 从“double”转换到“float”，可能丢失数据
C:\Users\10634\Desktop\919GCAM修改\Update\gcamv8.2\cvs\objects\climate\source\ObjECTS_MAGICC.cpp(3994,89): warning C4244: “=”: 从“double”转换到“float”，可能丢失数据
C:\Users\10634\Desktop\919GCAM修改\Update\gcamv8.2\cvs\objects\climate\source\ObjECTS_MAGICC.cpp(3996,89): warning C4244: “=”: 从“double”转换到“float”，可能丢失数据
C:\Users\10634\Desktop\919GCAM修改\Update\gcamv8.2\cvs\objects\climate\source\ObjECTS_MAGICC.cpp(3998,89): warning C4244: “=”: 从“double”转换到“float”，可能丢失数据
C:\Users\10634\Desktop\919GCAM修改\Update\gcamv8.2\cvs\objects\climate\source\ObjECTS_MAGICC.cpp(4100,31): warning C4244: “初始化”: 从“double”转换到“float”，可能丢失数据
C:\Users\10634\Desktop\919GCAM修改\Update\gcamv8.2\cvs\objects\climate\source\ObjECTS_MAGICC.cpp(4102,29): warning C4244: “初始化”: 从“double”转换到“float”，可能丢失数据
C:\Users\10634\Desktop\919GCAM修改\Update\gcamv8.2\cvs\objects\climate\source\ObjECTS_MAGICC.cpp(4104,29): warning C4244: “初始化”: 从“double”转换到“float”，可能丢失数据
C:\Users\10634\Desktop\919GCAM修改\Update\gcamv8.2\cvs\objects\climate\source\ObjECTS_MAGICC.cpp(4106,31): warning C4244: “初始化”: 从“double”转换到“float”，可能丢失数据
C:\Users\10634\Desktop\919GCAM修改\Update\gcamv8.2\cvs\objects\climate\source\ObjECTS_MAGICC.cpp(4111,31): warning C4244: “初始化”: 从“double”转换到“float”，可能丢失数据
C:\Users\10634\Desktop\919GCAM修改\Update\gcamv8.2\cvs\objects\climate\source\ObjECTS_MAGICC.cpp(4113,31): warning C4244: “初始化”: 从“double”转换到“float”，可能丢失数据
C:\Users\10634\Desktop\919GCAM修改\Update\gcamv8.2\cvs\objects\climate\source\ObjECTS_MAGICC.cpp(4117,31): warning C4244: “初始化”: 从“double”转换到“float”，可能丢失数据
C:\Users\10634\Desktop\919GCAM修改\Update\gcamv8.2\cvs\objects\climate\source\ObjECTS_MAGICC.cpp(4131,73): warning C4244: “=”: 从“double”转换到“float”，可能丢失数据
C:\Users\10634\Desktop\919GCAM修改\Update\gcamv8.2\cvs\objects\climate\source\ObjECTS_MAGICC.cpp(4137,30): warning C4244: “初始化”: 从“double”转换到“float”，可能丢失数据
C:\Users\10634\Desktop\919GCAM修改\Update\gcamv8.2\cvs\objects\climate\source\ObjECTS_MAGICC.cpp(4139,32): warning C4244: “初始化”: 从“double”转换到“float”，可能丢失数据
C:\Users\10634\Desktop\919GCAM修改\Update\gcamv8.2\cvs\objects\climate\source\ObjECTS_MAGICC.cpp(4141,31): warning C4244: “初始化”: 从“double”转换到“float”，可能丢失数据
C:\Users\10634\Desktop\919GCAM修改\Update\gcamv8.2\cvs\objects\climate\source\ObjECTS_MAGICC.cpp(4147,31): warning C4244: “初始化”: 从“double”转换到“float”，可能丢失数据
C:\Users\10634\Desktop\919GCAM修改\Update\gcamv8.2\cvs\objects\climate\source\ObjECTS_MAGICC.cpp(4153,32): warning C4244: “初始化”: 从“double”转换到“float”，可能丢失数据
C:\Users\10634\Desktop\919GCAM修改\Update\gcamv8.2\cvs\objects\climate\source\ObjECTS_MAGICC.cpp(4158,32): warning C4244: “初始化”: 从“double”转换到“float”，可能丢失数据
C:\Users\10634\Desktop\919GCAM修改\Update\gcamv8.2\cvs\objects\climate\source\ObjECTS_MAGICC.cpp(4160,31): warning C4244: “初始化”: 从“double”转换到“float”，可能丢失数据
C:\Users\10634\Desktop\919GCAM修改\Update\gcamv8.2\cvs\objects\climate\source\ObjECTS_MAGICC.cpp(4162,32): warning C4244: “初始化”: 从“double”转换到“float”，可能丢失数据
C:\Users\10634\Desktop\919GCAM修改\Update\gcamv8.2\cvs\objects\climate\source\ObjECTS_MAGICC.cpp(4328,90): warning C4244: “=”: 从“double”转换到“float”，可能丢失数据
C:\Users\10634\Desktop\919GCAM修改\Update\gcamv8.2\cvs\objects\climate\source\ObjECTS_MAGICC.cpp(4330,90): warning C4244: “=”: 从“double”转换到“float”，可能丢失数据
C:\Users\10634\Desktop\919GCAM修改\Update\gcamv8.2\cvs\objects\climate\source\ObjECTS_MAGICC.cpp(4332,90): warning C4244: “=”: 从“double”转换到“float”，可能丢失数据
C:\Users\10634\Desktop\919GCAM修改\Update\gcamv8.2\cvs\objects\climate\source\ObjECTS_MAGICC.cpp(4334,90): warning C4244: “=”: 从“double”转换到“float”，可能丢失数据
C:\Users\10634\Desktop\919GCAM修改\Update\gcamv8.2\cvs\objects\climate\source\ObjECTS_MAGICC.cpp(4336,90): warning C4244: “=”: 从“double”转换到“float”，可能丢失数据
C:\Users\10634\Desktop\919GCAM修改\Update\gcamv8.2\cvs\objects\climate\source\ObjECTS_MAGICC.cpp(4338,90): warning C4244: “=”: 从“double”转换到“float”，可能丢失数据
C:\Users\10634\Desktop\919GCAM修改\Update\gcamv8.2\cvs\objects\climate\source\ObjECTS_MAGICC.cpp(4609,46): warning C4244: “=”: 从“double”转换到“float”，可能丢失数据
C:\Users\10634\Desktop\919GCAM修改\Update\gcamv8.2\cvs\objects\climate\source\ObjECTS_MAGICC.cpp(4611,46): warning C4244: “=”: 从“double”转换到“float”，可能丢失数据
C:\Users\10634\Desktop\919GCAM修改\Update\gcamv8.2\cvs\objects\climate\source\ObjECTS_MAGICC.cpp(4613,46): warning C4244: “=”: 从“double”转换到“float”，可能丢失数据
C:\Users\10634\Desktop\919GCAM修改\Update\gcamv8.2\cvs\objects\climate\source\ObjECTS_MAGICC.cpp(4649,21): warning C4244: “初始化”: 从“double”转换到“float”，可能丢失数据
  land_allocator_activity.cpp
C:\Users\10634\Desktop\919GCAM修改\Update\gcamv8.2\cvs\objects\climate\source\ObjECTS_MAGICC.cpp(4680,26): warning C4244: “初始化”: 从“double”转换到“float”，可能丢失数据
C:\Users\10634\Desktop\919GCAM修改\Update\gcamv8.2\cvs\objects\climate\source\ObjECTS_MAGICC.cpp(4682,26): warning C4244: “初始化”: 从“double”转换到“float”，可能丢失数据
C:\Users\10634\Desktop\919GCAM修改\Update\gcamv8.2\cvs\objects\climate\source\ObjECTS_MAGICC.cpp(4684,27): warning C4244: “初始化”: 从“double”转换到“float”，可能丢失数据
C:\Users\10634\Desktop\919GCAM修改\Update\gcamv8.2\cvs\objects\climate\source\ObjECTS_MAGICC.cpp(2032,28): warning C4996: 'localtime': This function or variable may be unsafe. Consider using localtime_s instead. To disable deprecation, use _CRT_SECURE_NO_WARNINGS. See online help for details.
C:\Users\10634\Desktop\919GCAM修改\Update\gcamv8.2\cvs\objects\climate\source\ObjECTS_MAGICC.cpp(2041,65): warning C4996: 'asctime': This function or variable may be unsafe. Consider using asctime_s instead. To disable deprecation, use _CRT_SECURE_NO_WARNINGS. See online help for details.
C:\Users\10634\Desktop\919GCAM修改\Update\gcamv8.2\cvs\objects\climate\source\ObjECTS_MAGICC.cpp(2042,66): warning C4996: 'asctime': This function or variable may be unsafe. Consider using asctime_s instead. To disable deprecation, use _CRT_SECURE_NO_WARNINGS. See online help for details.
C:\Users\10634\Desktop\919GCAM修改\Update\gcamv8.2\cvs\objects\climate\source\ObjECTS_MAGICC.cpp(1192): warning C4700: 使用了未初始化的局部变量“Sulph”
  mac_generator_scenario_runner.cpp
C:\Users\10634\Desktop\919GCAM修改\Update\gcamv8.2\cvs\objects\util\base\include\value.h(53,10): fatal error C1083: 无法打开包括文件: “tbb/enumerable_thread_specific.h”: No such file or directory (编译源文件 ..\..\containers\source\consumer_activity.cpp)
  market_dependency_finder.cpp
C:\Users\10634\Desktop\919GCAM修改\Update\gcamv8.2\cvs\objects\util\base\include\value.h(53,10): fatal error C1083: 无法打开包括文件: “tbb/enumerable_thread_specific.h”: No such file or directory (编译源文件 ..\..\consumers\source\gcam_consumer.cpp)
  national_account.cpp
  national_account_container.cpp
C:\Users\10634\Desktop\919GCAM修改\Update\gcamv8.2\cvs\objects\climate\source\hector\inst\include\h_exception.hpp(29,1): warning C4267: “初始化”: 从“size_t”转换到“unsigned long”，可能丢失数据 (编译源文件 ..\..\climate\source\hector_model.cpp)
C:\Users\10634\Desktop\919GCAM修改\Update\gcamv8.2\cvs\objects\climate\source\hector\inst\include\h_exception.hpp(31,1): warning C4267: “=”: 从“size_t”转换到“unsigned long”，可能丢失数据 (编译源文件 ..\..\climate\source\hector_model.cpp)
C:\Users\10634\Desktop\919GCAM修改\Update\gcamv8.2\cvs\objects\climate\source\hector\inst\include\logger.hpp(20,9): warning C4068: 未知的杂注“clang” (编译源文件 ..\..\climate\source\hector_model.cpp)
C:\Users\10634\Desktop\919GCAM修改\Update\gcamv8.2\cvs\objects\climate\source\hector\inst\include\logger.hpp(21,9): warning C4068: 未知的杂注“clang” (编译源文件 ..\..\climate\source\hector_model.cpp)
  national_account_container_activity.cpp
C:\Users\10634\Desktop\919GCAM修改\Update\gcamv8.2\cvs\objects\util\base\include\timer.h(58,10): fatal error C1083: 无法打开包括文件: “tbb/spin_mutex.h”: No such file or directory (编译源文件 ..\..\containers\source\batch_runner.cpp)
  region.cpp
C:\Users\10634\Desktop\919GCAM修改\Update\gcamv8.2\cvs\objects\climate\source\hector\inst\include\logger.hpp(23,9): warning C4068: 未知的杂注“clang” (编译源文件 ..\..\climate\source\hector_model.cpp)
C:\Users\10634\Desktop\919GCAM修改\Update\gcamv8.2\cvs\objects\util\base\include\value.h(53,10): fatal error C1083: 无法打开包括文件: “tbb/enumerable_thread_specific.h”: No such file or directory (编译源文件 ..\..\containers\source\national_account.cpp)
  region_minicam.cpp
C:\Users\10634\Desktop\919GCAM修改\Update\gcamv8.2\cvs\objects\util\base\include\value.h(53,10): fatal error C1083: 无法打开包括文件: “tbb/enumerable_thread_specific.h”: No such file or directory (编译源文件 ..\..\ccarbon_model\source\asimple_carbon_calc.cpp)
  resource_activity.cpp
C:\Users\10634\Desktop\919GCAM修改\Update\gcamv8.2\cvs\objects\util\base\include\value.h(53,10): fatal error C1083: 无法打开包括文件: “tbb/enumerable_thread_specific.h”: No such file or directory (编译源文件 ..\..\ccarbon_model\source\no_emiss_carbon_calc.cpp)
  scenario.cpp
C:\Users\10634\Desktop\919GCAM修改\Update\gcamv8.2\cvs\objects\util\base\include\value.h(53,10): fatal error C1083: 无法打开包括文件: “tbb/enumerable_thread_specific.h”: No such file or directory (编译源文件 ..\..\ccarbon_model\source\land_carbon_densities.cpp)
  scenario_runner_factory.cpp
C:\Users\10634\Desktop\919GCAM修改\Update\gcamv8.2\cvs\objects\climate\source\hector_model.cpp(542,14): warning C4244: “初始化”: 从“double”转换到“int”，可能丢失数据
C:\Users\10634\Desktop\919GCAM修改\Update\gcamv8.2\cvs\objects\containers\include\info.h(60,10): fatal error C1083: 无法打开包括文件: “tbb/spin_rw_mutex.h”: No such file or directory (编译源文件 ..\..\containers\source\info.cpp)
  sector_activity.cpp
  single_scenario_runner.cpp
C:\Users\10634\Desktop\919GCAM修改\Update\gcamv8.2\cvs\objects\util\base\include\value.h(53,10): fatal error C1083: 无法打开包括文件: “tbb/enumerable_thread_specific.h”: No such file or directory (编译源文件 ..\..\ccarbon_model\source\node_carbon_calc.cpp)
  total_policy_cost_calculator.cpp
C:\Users\10634\Desktop\919GCAM修改\Update\gcamv8.2\cvs\objects\containers\include\info.h(60,10): fatal error C1083: 无法打开包括文件: “tbb/spin_rw_mutex.h”: No such file or directory (编译源文件 ..\..\containers\source\info_factory.cpp)
  world.cpp
  age_cohort.cpp
C:\Users\10634\Desktop\919GCAM修改\Update\gcamv8.2\cvs\objects\util\base\include\value.h(53,10): fatal error C1083: 无法打开包括文件: “tbb/enumerable_thread_specific.h”: No such file or directory (编译源文件 ..\..\containers\source\calc_base_price.cpp)
C:\Users\10634\Desktop\919GCAM修改\Update\gcamv8.2\cvs\objects\util\base\include\value.h(53,10): fatal error C1083: 无法打开包括文件: “tbb/enumerable_thread_specific.h”: No such file or directory (编译源文件 ..\..\containers\source\national_account_container.cpp)
  demographic.cpp
  female.cpp
  gender.cpp
C:\Users\10634\Desktop\919GCAM修改\Update\gcamv8.2\cvs\objects\util\base\include\value.h(53,10): fatal error C1083: 无法打开包括文件: “tbb/enumerable_thread_specific.h”: No such file or directory (编译源文件 ..\..\containers\source\national_account_container_activity.cpp)
  male.cpp
C:\Users\10634\Desktop\919GCAM修改\Update\gcamv8.2\cvs\objects\marketplace\include\market_locator.h(56,10): fatal error C1083: 无法打开包括文件: “tbb/enumerable_thread_specific.h”: No such file or directory (编译源文件 ..\..\containers\source\market_dependency_finder.cpp)
  population.cpp
C:\Users\10634\Desktop\919GCAM修改\Update\gcamv8.2\cvs\objects\util\base\include\timer.h(58,10): fatal error C1083: 无法打开包括文件: “tbb/spin_mutex.h”: No such file or directory (编译源文件 ..\..\containers\source\world.cpp)
  population_mini_cam.cpp
C:\Users\10634\Desktop\919GCAM修改\Update\gcamv8.2\cvs\objects\util\base\include\value.h(53,10): fatal error C1083: 无法打开包括文件: “tbb/enumerable_thread_specific.h”: No such file or directory (编译源文件 ..\..\containers\source\region.cpp)
  aemissions_control.cpp
C:\Users\10634\Desktop\919GCAM修改\Update\gcamv8.2\cvs\objects\containers\include\world.h(109,39): warning C4267: “return”: 从“size_t”转换到“int”，可能丢失数据 (编译源文件 ..\..\containers\source\scenario.cpp)
  aghg.cpp
C:\Users\10634\Desktop\919GCAM修改\Update\gcamv8.2\cvs\objects\util\base\include\value.h(53,10): fatal error C1083: 无法打开包括文件: “tbb/enumerable_thread_specific.h”: No such file or directory (编译源文件 ..\..\containers\source\region_minicam.cpp)
  co2_emissions.cpp
C:\Users\10634\Desktop\919GCAM修改\Update\gcamv8.2\cvs\objects\containers\include\world.h(109,39): warning C4267: “return”: 从“size_t”转换到“int”，可能丢失数据 (编译源文件 ..\..\containers\source\total_policy_cost_calculator.cpp)
  emissions_summer.cpp
C:\Users\10634\Desktop\919GCAM修改\Update\gcamv8.2\cvs\objects\util\base\include\value.h(53,10): fatal error C1083: 无法打开包括文件: “tbb/enumerable_thread_specific.h”: No such file or directory (编译源文件 ..\..\containers\source\sector_activity.cpp)
  gdp_control.cpp
C:\Users\10634\Desktop\919GCAM修改\Update\gcamv8.2\cvs\objects\util\base\include\value.h(53,10): fatal error C1083: 无法打开包括文件: “tbb/enumerable_thread_specific.h”: No such file or directory (编译源文件 ..\..\containers\source\scenario_runner_factory.cpp)
  input_driver.cpp
C:\Users\10634\Desktop\919GCAM修改\Update\gcamv8.2\cvs\objects\util\base\include\timer.h(58,10): fatal error C1083: 无法打开包括文件: “tbb/spin_mutex.h”: No such file or directory (编译源文件 ..\..\containers\source\single_scenario_runner.cpp)
  input_output_driver.cpp
  linear_control.cpp
C:\Users\10634\Desktop\919GCAM修改\Update\gcamv8.2\cvs\objects\util\base\include\value.h(53,10): fatal error C1083: 无法打开包括文件: “tbb/enumerable_thread_specific.h”: No such file or directory (编译源文件 ..\..\emissions\source\aemissions_control.cpp)
  luc_emissions_summer.cpp
C:\Users\10634\Desktop\919GCAM修改\Update\gcamv8.2\cvs\objects\util\base\include\value.h(53,10): fatal error C1083: 无法打开包括文件: “tbb/enumerable_thread_specific.h”: No such file or directory (编译源文件 ..\..\emissions\source\aghg.cpp)
  mac_control.cpp
C:\Users\10634\Desktop\919GCAM修改\Update\gcamv8.2\cvs\objects\util\base\include\timer.h(58,10): fatal error C1083: 无法打开包括文件: “tbb/spin_mutex.h”: No such file or directory (编译源文件 ..\..\containers\source\scenario.cpp)
  nonco2_emissions.cpp
C:\Users\10634\Desktop\919GCAM修改\Update\gcamv8.2\cvs\objects\demographics\source\demographic.cpp(111,82): warning C4267: “=”: 从“size_t”转换到“int”，可能丢失数据
C:\Users\10634\Desktop\919GCAM修改\Update\gcamv8.2\cvs\objects\util\base\include\value.h(53,10): fatal error C1083: 无法打开包括文件: “tbb/enumerable_thread_specific.h”: No such file or directory (编译源文件 ..\..\emissions\source\co2_emissions.cpp)
  output_driver.cpp
  readin_control.cpp
  absolute_cost_logit.cpp
C:\Users\10634\Desktop\919GCAM修改\Update\gcamv8.2\cvs\objects\util\base\include\util.h(492,32): warning C4101: “exception”: 未引用的局部变量 (编译源文件 ..\..\demographics\source\demographic.cpp)C:\Users\10634\Desktop\919GCAM修改\Update\gcamv8.2\cvs\objects\demographics\source\demographic.cpp(92): note: 查看对正在编译的函数 模板 实例化“std::string objects::toString<int>(const T &) with [T=int]”的引用
C:\Users\10634\Desktop\919GCAM修改\Update\gcamv8.2\cvs\objects\util\base\include\value.h(53,10): fatal error C1083: 无法打开包括文件: “tbb/enumerable_thread_specific.h”: No such file or directory (编译源文件 ..\..\emissions\source\gdp_control.cpp)
  building_function.cpp
C:\Users\10634\Desktop\919GCAM修改\Update\gcamv8.2\cvs\objects\util\base\include\value.h(53,10): fatal error C1083: 无法打开包括文件: “tbb/enumerable_thread_specific.h”: No such file or directory (编译源文件 ..\..\containers\source\total_policy_cost_calculator.cpp)
  building_gompertz_function.cpp
C:\Users\10634\Desktop\919GCAM修改\Update\gcamv8.2\cvs\objects\demographics\source\population_mini_cam.cpp(72,5): warning C4804: “<”: 在操作中使用类型“bool”不安全
  building_node_input.cpp
  building_service_function.cpp
C:\Users\10634\Desktop\919GCAM修改\Update\gcamv8.2\cvs\objects\util\base\include\util.h(492,32): warning C4101: “exception”: 未引用的局部变量 (编译源文件 ..\..\demographics\source\population.cpp)C:\Users\10634\Desktop\919GCAM修改\Update\gcamv8.2\cvs\objects\demographics\source\population.cpp(89): note: 查看对正在编译的函数 模板 实例化“std::string objects::toString<int>(const T &) with [T=int]”的引用
  building_service_input.cpp
  ctax_input.cpp
C:\Users\10634\Desktop\919GCAM修改\Update\gcamv8.2\cvs\objects\util\base\include\value.h(53,10): fatal error C1083: 无法打开包括文件: “tbb/enumerable_thread_specific.h”: No such file or directory (编译源文件 ..\..\emissions\source\linear_control.cpp)
  food_demand_function.cpp
C:\Users\10634\Desktop\919GCAM修改\Update\gcamv8.2\cvs\objects\util\base\include\value.h(53,10): fatal error C1083: 无法打开包括文件: “tbb/enumerable_thread_specific.h”: No such file or directory (编译源文件 ..\..\emissions\source\mac_control.cpp)
  food_demand_input.cpp
C:\Users\10634\Desktop\919GCAM修改\Update\gcamv8.2\cvs\objects\util\base\include\value.h(53,10): fatal error C1083: 无法打开包括文件: “tbb/enumerable_thread_specific.h”: No such file or directory (编译源文件 ..\..\emissions\source\nonco2_emissions.cpp)
  input_accounting.cpp
C:\Users\10634\Desktop\919GCAM修改\Update\gcamv8.2\cvs\objects\util\base\include\value.h(53,10): fatal error C1083: 无法打开包括文件: “tbb/enumerable_thread_specific.h”: No such file or directory (编译源文件 ..\..\emissions\source\emissions_summer.cpp)
  nested_ces_production_function_macro.cpp
C:\Users\10634\Desktop\919GCAM修改\Update\gcamv8.2\cvs\objects\util\base\include\value.h(53,10): fatal error C1083: 无法打开包括文件: “tbb/enumerable_thread_specific.h”: No such file or directory (编译源文件 ..\..\emissions\source\readin_control.cpp)
  relative_cost_logit.cpp
C:\Users\10634\Desktop\919GCAM修改\Update\gcamv8.2\cvs\objects\util\base\include\value.h(53,10): fatal error C1083: 无法打开包括文件: “tbb/enumerable_thread_specific.h”: No such file or directory (编译源文件 ..\..\emissions\source\luc_emissions_summer.cpp)
  satiation_demand_function.cpp
C:\Users\10634\Desktop\919GCAM修改\Update\gcamv8.2\cvs\objects\util\base\include\value.h(53,10): fatal error C1083: 无法打开包括文件: “tbb/enumerable_thread_specific.h”: No such file or directory (编译源文件 ..\..\functions\source\absolute_cost_logit.cpp)
  thermal_building_service_input.cpp
  carbon_land_leaf.cpp
C:\Users\10634\Desktop\919GCAM修改\Update\gcamv8.2\cvs\objects\util\base\include\value.h(53,10): fatal error C1083: 无法打开包括文件: “tbb/enumerable_thread_specific.h”: No such file or directory (编译源文件 ..\..\functions\source\building_function.cpp)
  land_allocator.cpp
C:\Users\10634\Desktop\919GCAM修改\Update\gcamv8.2\cvs\objects\util\base\include\value.h(53,10): fatal error C1083: 无法打开包括文件: “tbb/enumerable_thread_specific.h”: No such file or directory (编译源文件 ..\..\functions\source\satiation_demand_function.cpp)
  cached_market.cpp
C:\Users\10634\Desktop\919GCAM修改\Update\gcamv8.2\cvs\objects\util\base\include\value.h(53,10): fatal error C1083: 无法打开包括文件: “tbb/enumerable_thread_specific.h”: No such file or directory (编译源文件 ..\..\functions\source\building_node_input.cpp)
C:\Users\10634\Desktop\919GCAM修改\Update\gcamv8.2\cvs\objects\util\base\include\value.h(53,10): fatal error C1083: 无法打开包括文件: “tbb/enumerable_thread_specific.h”: No such file or directory (编译源文件 ..\..\functions\source\building_gompertz_function.cpp)
  calibration_market.cpp
  demand_market.cpp
  inverse_calibration_market.cpp
C:\Users\10634\Desktop\919GCAM修改\Update\gcamv8.2\cvs\objects\util\base\include\value.h(53,10): fatal error C1083: 无法打开包括文件: “tbb/enumerable_thread_specific.h”: No such file or directory (编译源文件 ..\..\functions\source\building_service_function.cpp)
  linked_market.cpp
C:\Users\10634\Desktop\919GCAM修改\Update\gcamv8.2\cvs\objects\util\base\include\value.h(53,10): fatal error C1083: 无法打开包括文件: “tbb/enumerable_thread_specific.h”: No such file or directory (编译源文件 ..\..\functions\source\ctax_input.cpp)
  market.cpp
C:\Users\10634\Desktop\919GCAM修改\Update\gcamv8.2\cvs\objects\util\base\include\value.h(53,10): fatal error C1083: 无法打开包括文件: “tbb/enumerable_thread_specific.h”: No such file or directory (编译源文件 ..\..\functions\source\building_service_input.cpp)
  market_container.cpp
C:\Users\10634\Desktop\919GCAM修改\Update\gcamv8.2\cvs\objects\util\base\include\value.h(53,10): fatal error C1083: 无法打开包括文件: “tbb/enumerable_thread_specific.h”: No such file or directory (编译源文件 ..\..\functions\source\relative_cost_logit.cpp)
  market_locator.cpp
C:\Users\10634\Desktop\919GCAM修改\Update\gcamv8.2\cvs\objects\util\base\include\value.h(53,10): fatal error C1083: 无法打开包括文件: “tbb/enumerable_thread_specific.h”: No such file or directory (编译源文件 ..\..\functions\source\input_accounting.cpp)
  market_RES.cpp
  market_subsidy.cpp
C:\Users\10634\Desktop\919GCAM修改\Update\gcamv8.2\cvs\objects\util\base\include\value.h(53,10): fatal error C1083: 无法打开包括文件: “tbb/enumerable_thread_specific.h”: No such file or directory (编译源文件 ..\..\functions\source\food_demand_function.cpp)
  market_tax.cpp
C:\Users\10634\Desktop\919GCAM修改\Update\gcamv8.2\cvs\objects\util\base\include\value.h(53,10): fatal error C1083: 无法打开包括文件: “tbb/enumerable_thread_specific.h”: No such file or directory (编译源文件 ..\..\functions\source\food_demand_input.cpp)
  marketplace.cpp
C:\Users\10634\Desktop\919GCAM修改\Update\gcamv8.2\cvs\objects\util\base\include\value.h(53,10): fatal error C1083: 无法打开包括文件: “tbb/enumerable_thread_specific.h”: No such file or directory (编译源文件 ..\..\functions\source\nested_ces_production_function_macro.cpp)
  normal_market.cpp
C:\Users\10634\Desktop\919GCAM修改\Update\gcamv8.2\cvs\objects\marketplace\include\market_locator.h(56,10): fatal error C1083: 无法打开包括文件: “tbb/enumerable_thread_specific.h”: No such file or directory (编译源文件 ..\..\marketplace\source\market_locator.cpp)
  price_market.cpp
C:\Users\10634\Desktop\919GCAM修改\Update\gcamv8.2\cvs\objects\marketplace\source\marketplace.cpp(47,10): fatal error C1083: 无法打开包括文件: “tbb/parallel_for.h”: No such file or directory
  trial_value_market.cpp
C:\Users\10634\Desktop\919GCAM修改\Update\gcamv8.2\cvs\objects\util\base\include\value.h(53,10): fatal error C1083: 无法打开包括文件: “tbb/enumerable_thread_specific.h”: No such file or directory (编译源文件 ..\..\marketplace\source\cached_market.cpp)
  gcam_parallel.cpp
C:\Users\10634\Desktop\919GCAM修改\Update\gcamv8.2\cvs\objects\util\base\include\value.h(53,10): fatal error C1083: 无法打开包括文件: “tbb/enumerable_thread_specific.h”: No such file or directory (编译源文件 ..\..\marketplace\source\calibration_market.cpp)
  linked_ghg_policy.cpp
C:\Users\10634\Desktop\919GCAM修改\Update\gcamv8.2\cvs\objects\util\base\include\value.h(53,10): fatal error C1083: 无法打开包括文件: “tbb/enumerable_thread_specific.h”: No such file or directory (编译源文件 ..\..\marketplace\source\demand_market.cpp)
  accumulated_grade.cpp
C:\Users\10634\Desktop\919GCAM修改\Update\gcamv8.2\cvs\objects\util\base\include\value.h(53,10): fatal error C1083: 无法打开包括文件: “tbb/enumerable_thread_specific.h”: No such file or directory (编译源文件 ..\..\marketplace\source\inverse_calibration_market.cpp)
  accumulated_post_grade.cpp
C:\Users\10634\Desktop\919GCAM修改\Update\gcamv8.2\cvs\objects\util\base\include\value.h(53,10): fatal error C1083: 无法打开包括文件: “tbb/enumerable_thread_specific.h”: No such file or directory (编译源文件 ..\..\marketplace\source\linked_market.cpp)
  grade.cpp
C:\Users\10634\Desktop\919GCAM修改\Update\gcamv8.2\cvs\objects\util\base\include\value.h(53,10): fatal error C1083: 无法打开包括文件: “tbb/enumerable_thread_specific.h”: No such file or directory (编译源文件 ..\..\land_allocator\source\carbon_land_leaf.cpp)
  renewable_subresource.cpp
C:\Users\10634\Desktop\919GCAM修改\Update\gcamv8.2\cvs\objects\util\base\include\value.h(53,10): fatal error C1083: 无法打开包括文件: “tbb/enumerable_thread_specific.h”: No such file or directory (编译源文件 ..\..\marketplace\source\market_RES.cpp)
C:\Users\10634\Desktop\919GCAM修改\Update\gcamv8.2\cvs\objects\util\base\include\value.h(53,10): fatal error C1083: 无法打开包括文件: “tbb/enumerable_thread_specific.h”: No such file or directory (编译源文件 ..\..\marketplace\source\market_subsidy.cpp)
  reserve_subresource.cpp
  resource.cpp
C:\Users\10634\Desktop\919GCAM修改\Update\gcamv8.2\cvs\objects\parallel\source\gcam_parallel.cpp(39,10): fatal error C1083: 无法打开包括文件: “Eigen/SparseCore”: No such file or directory
  smooth_renewable_subresource.cpp
C:\Users\10634\Desktop\919GCAM修改\Update\gcamv8.2\cvs\objects\util\base\include\value.h(53,10): fatal error C1083: 无法打开包括文件: “tbb/enumerable_thread_specific.h”: No such file or directory (编译源文件 ..\..\marketplace\source\market_tax.cpp)
  subresource.cpp
C:\Users\10634\Desktop\919GCAM修改\Update\gcamv8.2\cvs\objects\util\base\include\value.h(53,10): fatal error C1083: 无法打开包括文件: “tbb/enumerable_thread_specific.h”: No such file or directory (编译源文件 ..\..\marketplace\source\normal_market.cpp)
  trial_value_resource.cpp
C:\Users\10634\Desktop\919GCAM修改\Update\gcamv8.2\cvs\objects\util\base\include\value.h(53,10): fatal error C1083: 无法打开包括文件: “tbb/enumerable_thread_specific.h”: No such file or directory (编译源文件 ..\..\functions\source\thermal_building_service_input.cpp)
  unlimited_resource.cpp
C:\Users\10634\Desktop\919GCAM修改\Update\gcamv8.2\cvs\objects\util\base\include\value.h(53,10): fatal error C1083: 无法打开包括文件: “tbb/enumerable_thread_specific.h”: No such file or directory (编译源文件 ..\..\land_allocator\source\land_allocator.cpp)
C:\Users\10634\Desktop\919GCAM修改\Update\gcamv8.2\cvs\objects\util\base\include\value.h(53,10): fatal error C1083: 无法打开包括文件: “tbb/enumerable_thread_specific.h”: No such file or directory (编译源文件 ..\..\marketplace\source\price_market.cpp)
  ag_supply_sector.cpp
  ag_supply_subsector.cpp
C:\Users\10634\Desktop\919GCAM修改\Update\gcamv8.2\cvs\objects\util\base\include\value.h(53,10): fatal error C1083: 无法打开包括文件: “tbb/enumerable_thread_specific.h”: No such file or directory (编译源文件 ..\..\marketplace\source\market.cpp)
  capacity_limit_backup_calculator.cpp
C:\Users\10634\Desktop\919GCAM修改\Update\gcamv8.2\cvs\objects\util\base\include\value.h(53,10): fatal error C1083: 无法打开包括文件: “tbb/enumerable_thread_specific.h”: No such file or directory (编译源文件 ..\..\marketplace\source\trial_value_market.cpp)
  CSP_backup_calculator.cpp
C:\Users\10634\Desktop\919GCAM修改\Update\gcamv8.2\cvs\objects\util\base\include\value.h(53,10): fatal error C1083: 无法打开包括文件: “tbb/enumerable_thread_specific.h”: No such file or directory (编译源文件 ..\..\marketplace\source\market_container.cpp)
  energy_final_demand.cpp
C:\Users\10634\Desktop\919GCAM修改\Update\gcamv8.2\cvs\objects\util\base\include\value.h(53,10): fatal error C1083: 无法打开包括文件: “tbb/enumerable_thread_specific.h”: No such file or directory (编译源文件 ..\..\resources\source\reserve_subresource.cpp)
  fixed_final_demand.cpp
C:\Users\10634\Desktop\919GCAM修改\Update\gcamv8.2\cvs\objects\util\base\include\value.h(53,10): fatal error C1083: 无法打开包括文件: “tbb/enumerable_thread_specific.h”: No such file or directory (编译源文件 ..\..\policy\source\linked_ghg_policy.cpp)
  nesting_subsector.cpp
C:\Users\10634\Desktop\919GCAM修改\Update\gcamv8.2\cvs\objects\util\base\include\value.h(53,10): fatal error C1083: 无法打开包括文件: “tbb/enumerable_thread_specific.h”: No such file or directory (编译源文件 ..\..\sectors\source\ag_supply_subsector.cpp)
  pass_through_sector.cpp
C:\Users\10634\Desktop\919GCAM修改\Update\gcamv8.2\cvs\objects\util\base\include\value.h(53,10): fatal error C1083: 无法打开包括文件: “tbb/enumerable_thread_specific.h”: No such file or directory (编译源文件 ..\..\resources\source\renewable_subresource.cpp)
  sector.cpp
C:\Users\10634\Desktop\919GCAM修改\Update\gcamv8.2\cvs\objects\util\base\include\value.h(53,10): fatal error C1083: 无法打开包括文件: “tbb/enumerable_thread_specific.h”: No such file or directory (编译源文件 ..\..\resources\source\smooth_renewable_subresource.cpp)
  sector_utils.cpp
C:\Users\10634\Desktop\919GCAM修改\Update\gcamv8.2\cvs\objects\util\base\include\value.h(53,10): fatal error C1083: 无法打开包括文件: “tbb/enumerable_thread_specific.h”: No such file or directory (编译源文件 ..\..\resources\source\subresource.cpp)
  subsector.cpp
C:\Users\10634\Desktop\919GCAM修改\Update\gcamv8.2\cvs\objects\util\base\include\value.h(53,10): fatal error C1083: 无法打开包括文件: “tbb/enumerable_thread_specific.h”: No such file or directory (编译源文件 ..\..\resources\source\resource.cpp)
C:\Users\10634\Desktop\919GCAM修改\Update\gcamv8.2\cvs\objects\util\base\include\value.h(53,10): fatal error C1083: 无法打开包括文件: “tbb/enumerable_thread_specific.h”: No such file or directory (编译源文件 ..\..\resources\source\trial_value_resource.cpp)
  subsector_add_techcosts.cpp
  supply_sector.cpp
  tran_subsector.cpp
  value_factor_calculator.cpp
C:\Users\10634\Desktop\919GCAM修改\Update\gcamv8.2\cvs\objects\util\base\include\value.h(53,10): fatal error C1083: 无法打开包括文件: “tbb/enumerable_thread_specific.h”: No such file or directory (编译源文件 ..\..\resources\source\unlimited_resource.cpp)
  bisect_all.cpp
  bisect_one.cpp
C:\Users\10634\Desktop\919GCAM修改\Update\gcamv8.2\cvs\objects\util\base\include\value.h(53,10): fatal error C1083: 无法打开包括文件: “tbb/enumerable_thread_specific.h”: No such file or directory (编译源文件 ..\..\sectors\source\ag_supply_sector.cpp)
  bisect_policy.cpp
C:\Users\10634\Desktop\919GCAM修改\Update\gcamv8.2\cvs\objects\util\base\include\value.h(53,10): fatal error C1083: 无法打开包括文件: “tbb/enumerable_thread_specific.h”: No such file or directory (编译源文件 ..\..\sectors\source\nesting_subsector.cpp)
  bisect_policy_nr_solver.cpp
C:\Users\10634\Desktop\919GCAM修改\Update\gcamv8.2\cvs\objects\util\base\include\value.h(53,10): fatal error C1083: 无法打开包括文件: “tbb/enumerable_thread_specific.h”: No such file or directory (编译源文件 ..\..\sectors\source\energy_final_demand.cpp)
  bisection_nr_solver.cpp
C:\Users\10634\Desktop\919GCAM修改\Update\gcamv8.2\cvs\objects\util\base\include\value.h(53,10): fatal error C1083: 无法打开包括文件: “tbb/enumerable_thread_specific.h”: No such file or directory (编译源文件 ..\..\sectors\source\capacity_limit_backup_calculator.cpp)
  logbroyden.cpp
C:\Users\10634\Desktop\919GCAM修改\Update\gcamv8.2\cvs\objects\util\base\include\value.h(53,10): fatal error C1083: 无法打开包括文件: “tbb/enumerable_thread_specific.h”: No such file or directory (编译源文件 ..\..\sectors\source\CSP_backup_calculator.cpp)
  log_newton_raphson.cpp
C:\Users\10634\Desktop\919GCAM修改\Update\gcamv8.2\cvs\objects\util\base\include\value.h(53,10): fatal error C1083: 无法打开包括文件: “tbb/enumerable_thread_specific.h”: No such file or directory (编译源文件 ..\..\sectors\source\sector_utils.cpp)
  log_newton_raphson_sd.cpp
C:\Users\10634\Desktop\919GCAM修改\Update\gcamv8.2\cvs\objects\util\base\include\value.h(53,10): fatal error C1083: 无法打开包括文件: “tbb/enumerable_thread_specific.h”: No such file or directory (编译源文件 ..\..\sectors\source\subsector.cpp)
  preconditioner.cpp
C:\Users\10634\Desktop\919GCAM修改\Update\gcamv8.2\cvs\objects\util\base\include\value.h(53,10): fatal error C1083: 无法打开包括文件: “tbb/enumerable_thread_specific.h”: No such file or directory (编译源文件 ..\..\sectors\source\fixed_final_demand.cpp)
  solver_component.cpp
C:\Users\10634\Desktop\919GCAM修改\Update\gcamv8.2\cvs\objects\util\base\include\value.h(53,10): fatal error C1083: 无法打开包括文件: “tbb/enumerable_thread_specific.h”: No such file or directory (编译源文件 ..\..\sectors\source\tran_subsector.cpp)
C:\Users\10634\Desktop\919GCAM修改\Update\gcamv8.2\cvs\objects\util\base\include\value.h(53,10): fatal error C1083: 无法打开包括文件: “tbb/enumerable_thread_specific.h”: No such file or directory (编译源文件 ..\..\sectors\source\subsector_add_techcosts.cpp)
  solver_factory.cpp
  user_configurable_solver.cpp
C:\Users\10634\Desktop\919GCAM修改\Update\gcamv8.2\cvs\objects\util\base\include\value.h(53,10): fatal error C1083: 无法打开包括文件: “tbb/enumerable_thread_specific.h”: No such file or directory (编译源文件 ..\..\sectors\source\pass_through_sector.cpp)
  all_solution_info_filter.cpp
C:\Users\10634\Desktop\919GCAM修改\Update\gcamv8.2\cvs\objects\solution\util\include\calc_counter.h(55,10): fatal error C1083: 无法打开包括文件: “tbb/spin_mutex.h”: No such file or directory (编译源文件 ..\..\solution\solvers\source\bisect_one.cpp)
  and_solution_info_filter.cpp
C:\Users\10634\Desktop\919GCAM修改\Update\gcamv8.2\cvs\objects\solution\util\include\calc_counter.h(55,10): fatal error C1083: 无法打开包括文件: “tbb/spin_mutex.h”: No such file or directory (编译源文件 ..\..\solution\solvers\source\bisect_all.cpp)
  calc_counter.cpp
C:\Users\10634\Desktop\919GCAM修改\Update\gcamv8.2\cvs\objects\util\base\include\value.h(53,10): fatal error C1083: 无法打开包括文件: “tbb/enumerable_thread_specific.h”: No such file or directory (编译源文件 ..\..\sectors\source\sector.cpp)
  edfun.cpp
C:\Users\10634\Desktop\919GCAM修改\Update\gcamv8.2\cvs\objects\solution\util\include\calc_counter.h(55,10): fatal error C1083: 无法打开包括文件: “tbb/spin_mutex.h”: No such file or directory (编译源文件 ..\..\solution\solvers\source\bisect_policy.cpp)
  fdjac.cpp
C:\Users\10634\Desktop\919GCAM修改\Update\gcamv8.2\cvs\objects\containers\include\world.h(109,39): warning C4267: “return”: 从“size_t”转换到“int”，可能丢失数据 (编译源文件 ..\..\solution\solvers\source\bisect_policy_nr_solver.cpp)
C:\Users\10634\Desktop\919GCAM修改\Update\gcamv8.2\cvs\objects\util\base\include\value.h(53,10): fatal error C1083: 无法打开包括文件: “tbb/enumerable_thread_specific.h”: No such file or directory (编译源文件 ..\..\sectors\source\supply_sector.cpp)
  has_market_flag_solution_info_filter.cpp
C:\Users\10634\Desktop\919GCAM修改\Update\gcamv8.2\cvs\objects\containers\include\world.h(109,39): warning C4267: “return”: 从“size_t”转换到“int”，可能丢失数据 (编译源文件 ..\..\solution\solvers\source\bisection_nr_solver.cpp)
  jacobian-precondition.cpp
C:\Users\10634\Desktop\919GCAM修改\Update\gcamv8.2\cvs\objects\solution\util\include\ublas-helpers.hpp(46,10): fatal error C1083: 无法打开包括文件: “Eigen/Core”: No such file or directory (编译源文件 ..\..\solution\util\source\fdjac.cpp)
  market_name_solution_info_filter.cpp
C:\Users\10634\Desktop\919GCAM修改\Update\gcamv8.2\cvs\objects\util\base\include\value.h(53,10): fatal error C1083: 无法打开包括文件: “tbb/enumerable_thread_specific.h”: No such file or directory (编译源文件 ..\..\sectors\source\value_factor_calculator.cpp)
  market_matches_solution_info_filter.cpp
C:\Users\10634\Desktop\919GCAM修改\Update\gcamv8.2\cvs\objects\solution\util\include\calc_counter.h(55,10): fatal error C1083: 无法打开包括文件: “tbb/spin_mutex.h”: No such file or directory (编译源文件 ..\..\solution\solvers\source\log_newton_raphson.cpp)
  market_type_solution_info_filter.cpp
C:\Users\10634\Desktop\919GCAM修改\Update\gcamv8.2\cvs\objects\solution\util\include\calc_counter.h(55,10): fatal error C1083: 无法打开包括文件: “tbb/spin_mutex.h”: No such file or directory (编译源文件 ..\..\solution\solvers\source\solver_component.cpp)
  not_solution_info_filter.cpp
C:\Users\10634\Desktop\919GCAM修改\Update\gcamv8.2\cvs\objects\solution\util\include\ublas-helpers.hpp(46,10): fatal error C1083: 无法打开包括文件: “Eigen/Core”: No such file or directory (编译源文件 ..\..\solution\util\source\jacobian-precondition.cpp)
  or_solution_info_filter.cpp
C:\Users\10634\Desktop\919GCAM修改\Update\gcamv8.2\cvs\objects\solution\util\include\calc_counter.h(55,10): fatal error C1083: 无法打开包括文件: “tbb/spin_mutex.h”: No such file or directory (编译源文件 ..\..\solution\solvers\source\preconditioner.cpp)
  price_greater_than_solution_info_filter.cpp
C:\Users\10634\Desktop\919GCAM修改\Update\gcamv8.2\cvs\objects\solution\util\include\calc_counter.h(55,10): fatal error C1083: 无法打开包括文件: “tbb/spin_mutex.h”: No such file or directory (编译源文件 ..\..\solution\solvers\source\log_newton_raphson_sd.cpp)
  price_less_than_solution_info_filter.cpp
C:\Users\10634\Desktop\919GCAM修改\Update\gcamv8.2\cvs\objects\solution\util\include\calc_counter.h(55,10): fatal error C1083: 无法打开包括文件: “tbb/spin_mutex.h”: No such file or directory (编译源文件 ..\..\solution\util\source\calc_counter.cpp)
  solution_info.cpp
C:\Users\10634\Desktop\919GCAM修改\Update\gcamv8.2\cvs\objects\containers\include\world.h(109,39): warning C4267: “return”: 从“size_t”转换到“int”，可能丢失数据 (编译源文件 ..\..\solution\solvers\source\user_configurable_solver.cpp)
  solution_info_filter_factory.cpp
C:\Users\10634\Desktop\919GCAM修改\Update\gcamv8.2\cvs\objects\solution\util\include\calc_counter.h(55,10): fatal error C1083: 无法打开包括文件: “tbb/spin_mutex.h”: No such file or directory (编译源文件 ..\..\solution\solvers\source\bisect_policy_nr_solver.cpp)
  solution_info_param_parser.cpp
C:\Users\10634\Desktop\919GCAM修改\Update\gcamv8.2\cvs\objects\solution\util\include\ublas-helpers.hpp(46,10): fatal error C1083: 无法打开包括文件: “Eigen/Core”: No such file or directory (编译源文件 ..\..\solution\solvers\source\logbroyden.cpp)
  solution_info_set.cpp
C:\Users\10634\Desktop\919GCAM修改\Update\gcamv8.2\cvs\objects\solution\util\include\calc_counter.h(55,10): fatal error C1083: 无法打开包括文件: “tbb/spin_mutex.h”: No such file or directory (编译源文件 ..\..\solution\solvers\source\bisection_nr_solver.cpp)
  solvable_nr_solution_info_filter.cpp
  solvable_solution_info_filter.cpp
  solver_library.cpp
C:\Users\10634\Desktop\919GCAM修改\Update\gcamv8.2\cvs\objects\solution\util\include\calc_counter.h(55,10): fatal error C1083: 无法打开包括文件: “tbb/spin_mutex.h”: No such file or directory (编译源文件 ..\..\solution\solvers\source\user_configurable_solver.cpp)
  unsolved_solution_info_filter.cpp
C:\Users\10634\Desktop\919GCAM修改\Update\gcamv8.2\cvs\objects\solution\util\source\solution_info_filter_factory.cpp(242,83): warning C4267: “初始化”: 从“size_t”转换到“int”，可能丢失数据
C:\Users\10634\Desktop\919GCAM修改\Update\gcamv8.2\cvs\objects\solution\util\source\solution_info_filter_factory.cpp(244,78): warning C4267: “=”: 从“size_t”转换到“int”，可能丢失数据
  cumulative_emissions_target.cpp
C:\Users\10634\Desktop\919GCAM修改\Update\gcamv8.2\cvs\objects\solution\util\include\ublas-helpers.hpp(46,10): fatal error C1083: 无法打开包括文件: “Eigen/Core”: No such file or directory (编译源文件 ..\..\solution\util\source\edfun.cpp)
  kyoto_forcing_target.cpp
  rcp_forcing_target.cpp
C:\Users\10634\Desktop\919GCAM修改\Update\gcamv8.2\cvs\objects\util\base\include\value.h(53,10): fatal error C1083: 无法打开包括文件: “tbb/enumerable_thread_specific.h”: No such file or directory (编译源文件 ..\..\solution\util\source\market_type_solution_info_filter.cpp)
  secanter.cpp
  ag_production_technology.cpp
  ag_storage_technology.cpp
C:\Users\10634\Desktop\919GCAM修改\Update\gcamv8.2\cvs\objects\containers\include\world.h(109,39): warning C4267: “return”: 从“size_t”转换到“int”，可能丢失数据 (编译源文件 ..\..\solution\util\source\solver_library.cpp)
  backup_intermittent_technology.cpp
C:\Users\10634\Desktop\919GCAM修改\Update\gcamv8.2\cvs\objects\util\base\include\value.h(53,10): fatal error C1083: 无法打开包括文件: “tbb/enumerable_thread_specific.h”: No such file or directory (编译源文件 ..\..\solution\util\source\solution_info.cpp)
  base_technology.cpp
  cal_data_output.cpp
  cal_data_output_percap.cpp
C:\Users\10634\Desktop\919GCAM修改\Update\gcamv8.2\cvs\objects\util\base\include\value.h(53,10): fatal error C1083: 无法打开包括文件: “tbb/enumerable_thread_specific.h”: No such file or directory (编译源文件 ..\..\solution\util\source\solution_info_set.cpp)
  default_technology.cpp
C:\Users\10634\Desktop\919GCAM修改\Update\gcamv8.2\cvs\objects\target_finder\source\cumulative_emissions_target.cpp(152,54): warning C4244: “return”: 从“double”转换到“int”，可能丢失数据
C:\Users\10634\Desktop\919GCAM修改\Update\gcamv8.2\cvs\objects\util\base\include\value.h(53,10): fatal error C1083: 无法打开包括文件: “tbb/enumerable_thread_specific.h”: No such file or directory (编译源文件 ..\..\technologies\source\ag_production_technology.cpp)
  empty_technology.cpp
  exogenous_shutdown_decider.cpp
  fixed_production_state.cpp
  fractional_secondary_output.cpp
C:\Users\10634\Desktop\919GCAM修改\Update\gcamv8.2\cvs\objects\solution\util\include\calc_counter.h(55,10): fatal error C1083: 无法打开包括文件: “tbb/spin_mutex.h”: No such file or directory (编译源文件 ..\..\solution\util\source\solver_library.cpp)
  generic_output.cpp
  global_technology_database.cpp
C:\Users\10634\Desktop\919GCAM修改\Update\gcamv8.2\cvs\objects\util\base\include\value.h(53,10): fatal error C1083: 无法打开包括文件: “tbb/enumerable_thread_specific.h”: No such file or directory (编译源文件 ..\..\technologies\source\ag_storage_technology.cpp)
  intermittent_technology.cpp
  internal_gains.cpp
  marginal_profit_calculator.cpp
  non_energy_use_capture_component.cpp
C:\Users\10634\Desktop\919GCAM修改\Update\gcamv8.2\cvs\objects\util\base\include\value.h(53,10): fatal error C1083: 无法打开包括文件: “tbb/enumerable_thread_specific.h”: No such file or directory (编译源文件 ..\..\technologies\source\backup_intermittent_technology.cpp)
  nuke_fuel_technology.cpp
C:\Users\10634\Desktop\919GCAM修改\Update\gcamv8.2\cvs\objects\util\base\include\value.h(53,10): fatal error C1083: 无法打开包括文件: “tbb/enumerable_thread_specific.h”: No such file or directory (编译源文件 ..\..\technologies\source\base_technology.cpp)
  output_accounting.cpp
  pass_through_technology.cpp
C:\Users\10634\Desktop\919GCAM修改\Update\gcamv8.2\cvs\objects\util\base\include\value.h(53,10): fatal error C1083: 无法打开包括文件: “tbb/enumerable_thread_specific.h”: No such file or directory (编译源文件 ..\..\technologies\source\default_technology.cpp)
  phased_shutdown_decider.cpp
C:\Users\10634\Desktop\919GCAM修改\Update\gcamv8.2\cvs\objects\util\base\include\value.h(53,10): fatal error C1083: 无法打开包括文件: “tbb/enumerable_thread_specific.h”: No such file or directory (编译源文件 ..\..\technologies\source\empty_technology.cpp)
  power_plant_capture_component.cpp
C:\Users\10634\Desktop\919GCAM修改\Update\gcamv8.2\cvs\objects\util\base\include\value.h(53,10): fatal error C1083: 无法打开包括文件: “tbb/enumerable_thread_specific.h”: No such file or directory (编译源文件 ..\..\technologies\source\marginal_profit_calculator.cpp)
C:\Users\10634\Desktop\919GCAM修改\Update\gcamv8.2\cvs\objects\util\base\include\value.h(53,10): fatal error C1083: 无法打开包括文件: “tbb/enumerable_thread_specific.h”: No such file or directory (编译源文件 ..\..\technologies\source\intermittent_technology.cpp)
  primary_output.cpp
  production_state_factory.cpp
C:\Users\10634\Desktop\919GCAM修改\Update\gcamv8.2\cvs\objects\util\base\include\value.h(53,10): fatal error C1083: 无法打开包括文件: “tbb/enumerable_thread_specific.h”: No such file or directory (编译源文件 ..\..\technologies\source\nuke_fuel_technology.cpp)
  profit_shutdown_decider.cpp
C:\Users\10634\Desktop\919GCAM修改\Update\gcamv8.2\cvs\objects\util\base\include\value.h(53,10): fatal error C1083: 无法打开包括文件: “tbb/enumerable_thread_specific.h”: No such file or directory (编译源文件 ..\..\technologies\source\pass_through_technology.cpp)
  residue_biomass_output.cpp
C:\Users\10634\Desktop\919GCAM修改\Update\gcamv8.2\cvs\objects\util\base\include\value.h(53,10): fatal error C1083: 无法打开包括文件: “tbb/enumerable_thread_specific.h”: No such file or directory (编译源文件 ..\..\technologies\source\exogenous_shutdown_decider.cpp)
  resource_reserve_technology.cpp
C:\Users\10634\Desktop\919GCAM修改\Update\gcamv8.2\cvs\objects\util\base\include\value.h(53,10): fatal error C1083: 无法打开包括文件: “tbb/enumerable_thread_specific.h”: No such file or directory (编译源文件 ..\..\technologies\source\fixed_production_state.cpp)
  res_secondary_output.cpp
  retired_production_state.cpp
C:\Users\10634\Desktop\919GCAM修改\Update\gcamv8.2\cvs\objects\util\base\include\value.h(53,10): fatal error C1083: 无法打开包括文件: “tbb/enumerable_thread_specific.h”: No such file or directory (编译源文件 ..\..\technologies\source\fractional_secondary_output.cpp)
  secondary_output.cpp
C:\Users\10634\Desktop\919GCAM修改\Update\gcamv8.2\cvs\objects\util\base\include\value.h(53,10): fatal error C1083: 无法打开包括文件: “tbb/enumerable_thread_specific.h”: No such file or directory (编译源文件 ..\..\technologies\source\generic_output.cpp)
  standard_capture_component.cpp
  standard_technical_change_calc.cpp
C:\Users\10634\Desktop\919GCAM修改\Update\gcamv8.2\cvs\objects\util\base\include\value.h(53,10): fatal error C1083: 无法打开包括文件: “tbb/enumerable_thread_specific.h”: No such file or directory (编译源文件 ..\..\technologies\source\internal_gains.cpp)
C:\Users\10634\Desktop\919GCAM修改\Update\gcamv8.2\cvs\objects\util\base\include\value.h(53,10): fatal error C1083: 无法打开包括文件: “tbb/enumerable_thread_specific.h”: No such file or directory (编译源文件 ..\..\technologies\source\non_energy_use_capture_component.cpp)
  stub_technology_container.cpp
  s_curve_shutdown_decider.cpp
C:\Users\10634\Desktop\919GCAM修改\Update\gcamv8.2\cvs\objects\util\base\include\value.h(53,10): fatal error C1083: 无法打开包括文件: “tbb/enumerable_thread_specific.h”: No such file or directory (编译源文件 ..\..\technologies\source\output_accounting.cpp)
  technology.cpp
  technology_container.cpp
C:\Users\10634\Desktop\919GCAM修改\Update\gcamv8.2\cvs\objects\util\base\include\value.h(53,10): fatal error C1083: 无法打开包括文件: “tbb/enumerable_thread_specific.h”: No such file or directory (编译源文件 ..\..\technologies\source\resource_reserve_technology.cpp)
  tran_technology.cpp
C:\Users\10634\Desktop\919GCAM修改\Update\gcamv8.2\cvs\objects\util\base\include\value.h(53,10): fatal error C1083: 无法打开包括文件: “tbb/enumerable_thread_specific.h”: No such file or directory (编译源文件 ..\..\technologies\source\power_plant_capture_component.cpp)
  unmanaged_land_technology.cpp
  variable_production_state.cpp
C:\Users\10634\Desktop\919GCAM修改\Update\gcamv8.2\cvs\objects\util\base\include\value.h(53,10): fatal error C1083: 无法打开包括文件: “tbb/enumerable_thread_specific.h”: No such file or directory (编译源文件 ..\..\technologies\source\production_state_factory.cpp)
  vintage_production_state.cpp
C:\Users\10634\Desktop\919GCAM修改\Update\gcamv8.2\cvs\objects\util\base\include\value.h(53,10): fatal error C1083: 无法打开包括文件: “tbb/enumerable_thread_specific.h”: No such file or directory (编译源文件 ..\..\technologies\source\primary_output.cpp)
  atom.cpp
C:\Users\10634\Desktop\919GCAM修改\Update\gcamv8.2\cvs\objects\util\base\include\value.h(53,10): fatal error C1083: 无法打开包括文件: “tbb/enumerable_thread_specific.h”: No such file or directory (编译源文件 ..\..\technologies\source\technology.cpp)
  atom_registry.cpp
C:\Users\10634\Desktop\919GCAM修改\Update\gcamv8.2\cvs\objects\util\base\include\value.h(53,10): fatal error C1083: 无法打开包括文件: “tbb/enumerable_thread_specific.h”: No such file or directory (编译源文件 ..\..\technologies\source\res_secondary_output.cpp)
C:\Users\10634\Desktop\919GCAM修改\Update\gcamv8.2\cvs\objects\util\base\include\value.h(53,10): fatal error C1083: 无法打开包括文件: “tbb/enumerable_thread_specific.h”: No such file or directory (编译源文件 ..\..\technologies\source\residue_biomass_output.cpp)
  calibrate_resource_visitor.cpp
  calibrate_share_weight_visitor.cpp
  configuration.cpp
C:\Users\10634\Desktop\919GCAM修改\Update\gcamv8.2\cvs\objects\util\base\include\value.h(53,10): fatal error C1083: 无法打开包括文件: “tbb/enumerable_thread_specific.h”: No such file or directory (编译源文件 ..\..\technologies\source\tran_technology.cpp)
  fixed_interpolation_function.cpp
C:\Users\10634\Desktop\919GCAM修改\Update\gcamv8.2\cvs\objects\util\base\include\value.h(53,10): fatal error C1083: 无法打开包括文件: “tbb/enumerable_thread_specific.h”: No such file or directory (编译源文件 ..\..\technologies\source\unmanaged_land_technology.cpp)
  gcam_fusion.cpp
C:\Users\10634\Desktop\919GCAM修改\Update\gcamv8.2\cvs\objects\util\base\include\value.h(53,10): fatal error C1083: 无法打开包括文件: “tbb/enumerable_thread_specific.h”: No such file or directory (编译源文件 ..\..\technologies\source\standard_technical_change_calc.cpp)
  initialize_tech_vector_helper.cpp
  input_finder.cpp
C:\Users\10634\Desktop\919GCAM修改\Update\gcamv8.2\cvs\objects\util\base\include\value.h(53,10): fatal error C1083: 无法打开包括文件: “tbb/enumerable_thread_specific.h”: No such file or directory (编译源文件 ..\..\technologies\source\standard_capture_component.cpp)
  interpolation_rule.cpp
  linear_interpolation_function.cpp
C:\Users\10634\Desktop\919GCAM修改\Update\gcamv8.2\cvs\objects\util\base\include\value.h(53,10): fatal error C1083: 无法打开包括文件: “tbb/enumerable_thread_specific.h”: No such file or directory (编译源文件 ..\..\technologies\source\secondary_output.cpp)
  manage_state_variables.cpp
C:\Users\10634\Desktop\919GCAM修改\Update\gcamv8.2\cvs\objects\containers\include\world.h(109,39): warning C4267: “return”: 从“size_t”转换到“int”，可能丢失数据 (编译源文件 ..\..\technologies\source\stub_technology_container.cpp)
C:\Users\10634\Desktop\919GCAM修改\Update\gcamv8.2\cvs\objects\util\base\include\value.h(53,10): fatal error C1083: 无法打开包括文件: “tbb/enumerable_thread_specific.h”: No such file or directory (编译源文件 ..\..\technologies\source\stub_technology_container.cpp)
  mapped_file.cpp
C:\Users\10634\Desktop\919GCAM修改\Update\gcamv8.2\cvs\objects\util\base\include\manage_state_variables.hpp(54,10): fatal error C1083: 无法打开包括文件: “tbb/task_arena.h”: No such file or directory (编译源文件 ..\..\util\base\source\manage_state_variables.cpp)
  model_time.cpp
C:\Users\10634\Desktop\919GCAM修改\Update\gcamv8.2\cvs\objects\util\base\include\value.h(53,10): fatal error C1083: 无法打开包括文件: “tbb/enumerable_thread_specific.h”: No such file or directory (编译源文件 ..\..\technologies\source\technology_container.cpp)
  supply_demand_curve_saver.cpp
C:\Users\10634\Desktop\919GCAM修改\Update\gcamv8.2\cvs\objects\util\base\include\value.h(53,10): fatal error C1083: 无法打开包括文件: “tbb/enumerable_thread_specific.h”: No such file or directory (编译源文件 ..\..\util\base\source\calibrate_resource_visitor.cpp)
  s_curve_interpolation_function.cpp
  supply_demand_curve.cpp
C:\Users\10634\Desktop\919GCAM修改\Update\gcamv8.2\cvs\objects\util\base\include\value.h(53,10): fatal error C1083: 无法打开包括文件: “tbb/enumerable_thread_specific.h”: No such file or directory (编译源文件 ..\..\technologies\source\vintage_production_state.cpp)
  timer.cpp
  util.cpp
C:\Users\10634\Desktop\919GCAM修改\Update\gcamv8.2\cvs\objects\util\base\include\value.h(53,10): fatal error C1083: 无法打开包括文件: “tbb/enumerable_thread_specific.h”: No such file or directory (编译源文件 ..\..\util\base\source\input_finder.cpp)
  xml_parse_helper.cpp
C:\Users\10634\Desktop\919GCAM修改\Update\gcamv8.2\cvs\objects\util\base\include\value.h(53,10): fatal error C1083: 无法打开包括文件: “tbb/enumerable_thread_specific.h”: No such file or directory (编译源文件 ..\..\util\base\source\interpolation_rule.cpp)
  logger.cpp
  logger_factory.cpp
C:\Users\10634\Desktop\919GCAM修改\Update\gcamv8.2\cvs\objects\util\base\include\value.h(53,10): fatal error C1083: 无法打开包括文件: “tbb/enumerable_thread_specific.h”: No such file or directory (编译源文件 ..\..\util\base\source\calibrate_share_weight_visitor.cpp)
  plain_text_logger.cpp
C:\Users\10634\Desktop\919GCAM修改\Update\gcamv8.2\cvs\objects\util\base\include\value.h(53,10): fatal error C1083: 无法打开包括文件: “tbb/enumerable_thread_specific.h”: No such file or directory (编译源文件 ..\..\util\base\source\supply_demand_curve.cpp)
C:\Users\10634\Desktop\919GCAM修改\Update\gcamv8.2\cvs\objects\util\base\include\timer.h(58,10): fatal error C1083: 无法打开包括文件: “tbb/spin_mutex.h”: No such file or directory (编译源文件 ..\..\util\base\source\timer.cpp)
  xml_logger.cpp
  curve.cpp
C:\Users\10634\Desktop\919GCAM修改\Update\gcamv8.2\cvs\objects\util\base\include\util.h(492,32): warning C4101: “exception”: 未引用的局部变量 (编译源文件 ..\..\util\base\source\configuration.cpp)C:\Users\10634\Desktop\919GCAM修改\Update\gcamv8.2\cvs\objects\util\base\source\configuration.cpp(152): note: 查看对正在编译的函数 模板 实例化“std::string objects::toString<bool>(const T &) with [T=bool]”的引用
C:\Users\10634\Desktop\919GCAM修改\Update\gcamv8.2\cvs\objects\util\base\include\value.h(53,10): fatal error C1083: 无法打开包括文件: “tbb/enumerable_thread_specific.h”: No such file or directory (编译源文件 ..\..\util\base\source\initialize_tech_vector_helper.cpp)
  data_point.cpp
C:\Users\10634\Desktop\919GCAM修改\Update\gcamv8.2\cvs\objects\containers\include\world.h(109,39): warning C4267: “return”: 从“size_t”转换到“int”，可能丢失数据 (编译源文件 ..\..\util\base\source\supply_demand_curve_saver.cpp)
  explicit_point_set.cpp
  point_set.cpp
  point_set_curve.cpp
C:\Users\10634\Desktop\919GCAM修改\Update\gcamv8.2\cvs\objects\util\logger\include\logger.h(57,10): fatal error C1083: 无法打开包括文件: “tbb/spin_mutex.h”: No such file or directory (编译源文件 ..\..\util\logger\source\logger.cpp)
  xy_data_point.cpp
  consumer.cpp
C:\Users\10634\Desktop\919GCAM修改\Update\gcamv8.2\cvs\objects\util\logger\include\logger.h(57,10): fatal error C1083: 无法打开包括文件: “tbb/spin_mutex.h”: No such file or directory (编译源文件 ..\..\util\logger\source\plain_text_logger.cpp)
  graph_printer.cpp
C:\Users\10634\Desktop\919GCAM修改\Update\gcamv8.2\cvs\objects\util\logger\include\logger.h(57,10): fatal error C1083: 无法打开包括文件: “tbb/spin_mutex.h”: No such file or directory (编译源文件 ..\..\util\logger\source\xml_logger.cpp)
  land_allocator_printer.cpp
C:\Users\10634\Desktop\919GCAM修改\Update\gcamv8.2\cvs\objects\util\base\include\value.h(53,10): fatal error C1083: 无法打开包括文件: “tbb/enumerable_thread_specific.h”: No such file or directory (编译源文件 ..\..\util\base\source\supply_demand_curve_saver.cpp)
  xml_db_outputter.cpp
  magicc_model.cpp
  aproduction_function.cpp
  ces_production_function.cpp
  efficiency.cpp
C:\Users\10634\Desktop\919GCAM修改\Update\gcamv8.2\cvs\objects\util\logger\include\logger.h(57,10): fatal error C1083: 无法打开包括文件: “tbb/spin_mutex.h”: No such file or directory (编译源文件 ..\..\util\logger\source\logger_factory.cpp)
  energy_input.cpp
  function_manager.cpp
  function_utils.cpp
C:\Users\10634\Desktop\919GCAM修改\Update\gcamv8.2\cvs\objects\util\base\include\value.h(53,10): fatal error C1083: 无法打开包括文件: “tbb/enumerable_thread_specific.h”: No such file or directory (编译源文件 ..\..\consumers\source\consumer.cpp)
  input_capital.cpp
C:\Users\10634\Desktop\919GCAM修改\Update\gcamv8.2\cvs\objects\util\base\include\value.h(53,10): fatal error C1083: 无法打开包括文件: “tbb/enumerable_thread_specific.h”: No such file or directory (编译源文件 ..\..\util\base\source\xml_parse_helper.cpp)
  input_OM_fixed.cpp
  input_OM_var.cpp
C:\Users\10634\Desktop\919GCAM修改\Update\gcamv8.2\cvs\objects\util\base\include\value.h(53,10): fatal error C1083: 无法打开包括文件: “tbb/enumerable_thread_specific.h”: No such file or directory (编译源文件 ..\..\functions\source\efficiency.cpp)
  input_subsidy.cpp
  input_tax.cpp
  intensity.cpp
C:\Users\10634\Desktop\919GCAM修改\Update\gcamv8.2\cvs\objects\util\base\include\value.h(53,10): fatal error C1083: 无法打开包括文件: “tbb/enumerable_thread_specific.h”: No such file or directory (编译源文件 ..\..\reporting\source\graph_printer.cpp)
  leaf_input_finder.cpp
C:\Users\10634\Desktop\919GCAM修改\Update\gcamv8.2\cvs\objects\containers\include\world.h(109,39): warning C4267: “return”: 从“size_t”转换到“int”，可能丢失数据 (编译源文件 ..\..\reporting\source\xml_db_outputter.cpp)
C:\Users\10634\Desktop\919GCAM修改\Update\gcamv8.2\cvs\objects\util\base\include\value.h(53,10): fatal error C1083: 无法打开包括文件: “tbb/enumerable_thread_specific.h”: No such file or directory (编译源文件 ..\..\reporting\source\land_allocator_printer.cpp)
  leontief_production_function.cpp
  logit_production_function.cpp
C:\Users\10634\Desktop\919GCAM修改\Update\gcamv8.2\cvs\objects\util\base\include\value.h(53,10): fatal error C1083: 无法打开包括文件: “tbb/enumerable_thread_specific.h”: No such file or directory (编译源文件 ..\..\reporting\source\xml_db_outputter.cpp)
  minicam_input.cpp
C:\Users\10634\Desktop\919GCAM修改\Update\gcamv8.2\cvs\objects\climate\source\magicc_model.cpp(200,35): warning C4244: “参数”: 从“double”转换到“float”，可能丢失数据
C:\Users\10634\Desktop\919GCAM修改\Update\gcamv8.2\cvs\objects\climate\source\magicc_model.cpp(202,35): warning C4244: “参数”: 从“double”转换到“float”，可能丢失数据
C:\Users\10634\Desktop\919GCAM修改\Update\gcamv8.2\cvs\objects\climate\source\magicc_model.cpp(204,35): warning C4244: “参数”: 从“double”转换到“float”，可能丢失数据
C:\Users\10634\Desktop\919GCAM修改\Update\gcamv8.2\cvs\objects\climate\source\magicc_model.cpp(206,35): warning C4244: “参数”: 从“double”转换到“float”，可能丢失数据
C:\Users\10634\Desktop\919GCAM修改\Update\gcamv8.2\cvs\objects\climate\source\magicc_model.cpp(208,35): warning C4244: “参数”: 从“double”转换到“float”，可能丢失数据
C:\Users\10634\Desktop\919GCAM修改\Update\gcamv8.2\cvs\objects\climate\source\magicc_model.cpp(210,35): warning C4244: “参数”: 从“double”转换到“float”，可能丢失数据
C:\Users\10634\Desktop\919GCAM修改\Update\gcamv8.2\cvs\objects\climate\source\magicc_model.cpp(212,35): warning C4244: “参数”: 从“double”转换到“float”，可能丢失数据
C:\Users\10634\Desktop\919GCAM修改\Update\gcamv8.2\cvs\objects\climate\source\magicc_model.cpp(214,35): warning C4244: “参数”: 从“double”转换到“float”，可能丢失数据
C:\Users\10634\Desktop\919GCAM修改\Update\gcamv8.2\cvs\objects\climate\source\magicc_model.cpp(216,35): warning C4244: “参数”: 从“double”转换到“float”，可能丢失数据
C:\Users\10634\Desktop\919GCAM修改\Update\gcamv8.2\cvs\objects\climate\source\magicc_model.cpp(218,35): warning C4244: “参数”: 从“double”转换到“float”，可能丢失数据
C:\Users\10634\Desktop\919GCAM修改\Update\gcamv8.2\cvs\objects\util\base\include\value.h(53,10): fatal error C1083: 无法打开包括文件: “tbb/enumerable_thread_specific.h”: No such file or directory (编译源文件 ..\..\functions\source\energy_input.cpp)
C:\Users\10634\Desktop\919GCAM修改\Update\gcamv8.2\cvs\objects\climate\source\magicc_model.cpp(442,40): warning C4018: “<”: 有符号/无符号不匹配
  minicam_leontief_production_function.cpp
C:\Users\10634\Desktop\919GCAM修改\Update\gcamv8.2\cvs\objects\climate\source\magicc_model.cpp(471,46): warning C4018: “<=”: 有符号/无符号不匹配
C:\Users\10634\Desktop\919GCAM修改\Update\gcamv8.2\cvs\objects\climate\source\magicc_model.cpp(475,19): warning C4018: “>”: 有符号/无符号不匹配
C:\Users\10634\Desktop\919GCAM修改\Update\gcamv8.2\cvs\objects\climate\source\magicc_model.cpp(476,86): warning C4018: “>”: 有符号/无符号不匹配
C:\Users\10634\Desktop\919GCAM修改\Update\gcamv8.2\cvs\objects\climate\source\magicc_model.cpp(504,49): warning C4244: “=”: 从“double”转换到“int”，可能丢失数据
C:\Users\10634\Desktop\919GCAM修改\Update\gcamv8.2\cvs\objects\climate\source\magicc_model.cpp(531,45): warning C4018: “<”: 有符号/无符号不匹配
C:\Users\10634\Desktop\919GCAM修改\Update\gcamv8.2\cvs\objects\climate\source\magicc_model.cpp(854,54): warning C4244: “=”: 从“double”转换到“_Ty with [_Ty=int]”，可能丢失数据
C:\Users\10634\Desktop\919GCAM修改\Update\gcamv8.2\cvs\objects\functions\include\building_gompertz_function.h(1,1): warning C4819: 该文件包含不能在当前代码页(936)中表示的字符。请将该文件保存为 Unicode 格式以防止数据丢失 (编译源文件 ..\..\functions\source\function_manager.cpp)
C:\Users\10634\Desktop\919GCAM修改\Update\gcamv8.2\cvs\objects\util\base\include\value.h(53,10): fatal error C1083: 无法打开包括文件: “tbb/enumerable_thread_specific.h”: No such file or directory (编译源文件 ..\..\functions\source\intensity.cpp)
  minicam_price_elasticity_function.cpp
  nested_ces_production_function.cpp
C:\Users\10634\Desktop\919GCAM修改\Update\gcamv8.2\cvs\objects\util\base\include\value.h(53,10): fatal error C1083: 无法打开包括文件: “tbb/enumerable_thread_specific.h”: No such file or directory (编译源文件 ..\..\functions\source\input_capital.cpp)
  node_input.cpp
  non_energy_input.cpp
  renewable_input.cpp
  bisecter.cpp
C:\Users\10634\Desktop\919GCAM修改\Update\gcamv8.2\cvs\objects\util\base\include\value.h(53,10): fatal error C1083: 无法打开包括文件: “tbb/enumerable_thread_specific.h”: No such file or directory (编译源文件 ..\..\functions\source\input_OM_fixed.cpp)
  concentration_target.cpp
C:\Users\10634\Desktop\919GCAM修改\Update\gcamv8.2\cvs\objects\util\base\include\value.h(53,10): fatal error C1083: 无法打开包括文件: “tbb/enumerable_thread_specific.h”: No such file or directory (编译源文件 ..\..\functions\source\input_OM_var.cpp)
  emissions_stabalization_target.cpp
C:\Users\10634\Desktop\919GCAM修改\Update\gcamv8.2\cvs\objects\util\base\include\value.h(53,10): fatal error C1083: 无法打开包括文件: “tbb/enumerable_thread_specific.h”: No such file or directory (编译源文件 ..\..\functions\source\input_subsidy.cpp)
  forcing_target.cpp
C:\Users\10634\Desktop\919GCAM修改\Update\gcamv8.2\cvs\objects\util\base\include\value.h(53,10): fatal error C1083: 无法打开包括文件: “tbb/enumerable_thread_specific.h”: No such file or directory (编译源文件 ..\..\functions\source\input_tax.cpp)
  policy_target_runner.cpp
  target_factory.cpp
  temperature_target.cpp
  aland_allocator_item.cpp
C:\Users\10634\Desktop\919GCAM修改\Update\gcamv8.2\cvs\objects\util\base\include\value.h(53,10): fatal error C1083: 无法打开包括文件: “tbb/enumerable_thread_specific.h”: No such file or directory (编译源文件 ..\..\functions\source\leaf_input_finder.cpp)
  land_leaf.cpp
  land_node.cpp
  land_use_history.cpp
  unmanaged_land_leaf.cpp
C:\Users\10634\Desktop\919GCAM修改\Update\gcamv8.2\cvs\objects\util\base\include\value.h(53,10): fatal error C1083: 无法打开包括文件: “tbb/enumerable_thread_specific.h”: No such file or directory (编译源文件 ..\..\functions\source\non_energy_input.cpp)
  main.cpp
C:\Users\10634\Desktop\919GCAM修改\Update\gcamv8.2\cvs\objects\util\base\include\value.h(53,10): fatal error C1083: 无法打开包括文件: “tbb/enumerable_thread_specific.h”: No such file or directory (编译源文件 ..\..\functions\source\renewable_input.cpp)
  policy_ghg.cpp
  policy_portfolio_standard.cpp
C:\Users\10634\Desktop\919GCAM修改\Update\gcamv8.2\cvs\objects\util\base\include\value.h(53,10): fatal error C1083: 无法打开包括文件: “tbb/enumerable_thread_specific.h”: No such file or directory (编译源文件 ..\..\functions\source\node_input.cpp)
C:\Users\10634\Desktop\919GCAM修改\Update\gcamv8.2\cvs\objects\util\base\include\value.h(53,10): fatal error C1083: 无法打开包括文件: “tbb/enumerable_thread_specific.h”: No such file or directory (编译源文件 ..\..\functions\source\minicam_price_elasticity_function.cpp)
C:\Users\10634\Desktop\919GCAM修改\Update\gcamv8.2\cvs\objects\util\base\include\value.h(53,10): fatal error C1083: 无法打开包括文件: “tbb/enumerable_thread_specific.h”: No such file or directory (编译源文件 ..\..\target_finder\source\policy_target_runner.cpp)
C:\Users\10634\Desktop\919GCAM修改\Update\gcamv8.2\cvs\objects\util\base\include\value.h(53,10): fatal error C1083: 无法打开包括文件: “tbb/enumerable_thread_specific.h”: No such file or directory (编译源文件 ..\..\land_allocator\source\aland_allocator_item.cpp)
C:\Users\10634\Desktop\919GCAM修改\Update\gcamv8.2\cvs\objects\util\base\include\value.h(53,10): fatal error C1083: 无法打开包括文件: “tbb/enumerable_thread_specific.h”: No such file or directory (编译源文件 ..\..\land_allocator\source\land_leaf.cpp)
C:\Users\10634\Desktop\919GCAM修改\Update\gcamv8.2\cvs\objects\util\base\include\value.h(53,10): fatal error C1083: 无法打开包括文件: “tbb/enumerable_thread_specific.h”: No such file or directory (编译源文件 ..\..\land_allocator\source\land_node.cpp)
C:\Users\10634\Desktop\919GCAM修改\Update\gcamv8.2\cvs\objects\util\base\include\value.h(53,10): fatal error C1083: 无法打开包括文件: “tbb/enumerable_thread_specific.h”: No such file or directory (编译源文件 ..\..\land_allocator\source\unmanaged_land_leaf.cpp)
C:\Users\10634\Desktop\919GCAM修改\Update\gcamv8.2\cvs\objects\util\base\include\value.h(53,10): fatal error C1083: 无法打开包括文件: “tbb/enumerable_thread_specific.h”: No such file or directory (编译源文件 ..\..\policy\source\policy_portfolio_standard.cpp)
C:\Users\10634\Desktop\919GCAM修改\Update\gcamv8.2\cvs\objects\util\base\include\value.h(53,10): fatal error C1083: 无法打开包括文件: “tbb/enumerable_thread_specific.h”: No such file or directory (编译源文件 ..\..\policy\source\policy_ghg.cpp)
C:\Users\10634\Desktop\919GCAM修改\Update\gcamv8.2\cvs\objects\util\base\include\timer.h(58,10): fatal error C1083: 无法打开包括文件: “tbb/spin_mutex.h”: No such file or directory (编译源文件 ..\..\main\source\main.cpp)
